"register","index","code","desc","spec_type","length","spec_values","spec_required","type","required","rules","values","decimal"
"0000","2","LECD","Texto fixo contendo “LECD”.","C","004","“LECD”","Sim","char","True","","",""
"0000","3","DT_INI","Data inicial das informações contidas no arquivo.","N","008","","Sim","date","True","['REGRA_DATA_INI_MAIOR', 'REGRA_INICIO_PERIODO']","",""
"0000","4","DT_FIN","Data final das informações contidas no arquivo.","N","008","","Sim","date","True","['REGRA_FIM_PERIODO']","",""
"0000","5","NOME","Nome empresarial da pessoa jurídica.","C","","","Sim","char","True","","",""
"0000","6","CNPJ","Número de inscrição da pessoa jurídica no CNPJ. Observação: Esse CNPJ é sempre da Sócia Ostensiva, no caso do arquivo da SCP.","N","014","","Sim","int","True","['REGRA_VALIDA_CNPJ']","",""
"0000","7","UF","Sigla da unidade da federação da pessoa jurídica.","C","002","","Sim","char","True","['REGRA_TABELA_UF']","",""
"0000","8","IE","Inscrição Estadual da pessoa jurídica.","C","","","Não","char","False","['REGRA_CAMPO_CARACTERE_INVALIDO']","",""
"0000","9","COD_MUN","Código do município do domicílio fiscal da pessoa jurídica, conforme tabela do IBGE – Instituto Brasileiro de Geografia e Estatística.","N","007","","Não","int","False","['REGRA_TABELA_MUNICIPIO', 'REGRA_COD_MUN_INV_UF']","",""
"0000","10","IM","Inscrição Municipal da pessoa jurídica.","C","","","Não","char","False","['REGRA_CAMPO_CARACTERE']","",""
"0000","11","IND_SIT_ESP","Indicador de situação especial (conforme tabela publicada pelo Sped).","N","1","","Não","int","False","['REGRA_TABELA_SITUACAO']","",""
"0000","12","IND_SIT_INI_PER","Indicador de situação no início do período (conforme tabela publicada pelo Sped).","N","1","","Sim","int","True","['REGRA_TABELA_SIT_INICIO_PER']","",""
"0000","13","IND_NIRE","Indicador de existência de NIRE: 0 – Empresa não possui registro na Junta Comercial (não possui NIRE) 1 – Empresa possui registro na Junta Comercial (possui NIRE)","N","1","[0,1]","Sim","int","True","","['0', '1']",""
"0000","14","IND_FIN_ESC","Indicador de finalidade da escrituração: 0 - Original 1 – Substituta","N","1","[0,1]","Sim","int","True","","['0', '1']",""
"0000","15","COD_HASH_SUB","Hash da escrituração substituída.","C","40","","Não","char","False","['REGRA_HASH_SUBSTITUIDA', 'REGRA_VALIDA_HEXADECIMAL']","",""
"0000","16","IND_GRANDE_PORTE","Indicador de entidade sujeita a auditoria independente: 0 – Empresa não é entidade sujeita a auditoria independente. 1 – Empresa é entidade sujeita a auditoria independente – Ativo Total superior a R$ 240.000.000,00 ou Receita Bruta Anual superior R$300.000.000,00.","N","001","[0; 1]","Sim","int","True","","['0', '1']",""
"0000","17","TIP_ECD","Indicador do tipo de ECD: 0 – ECD de empresa não participante de SCP como sócio ostensivo. 1 – ECD de empresa participante de SCP como sócio ostensivo. 2 – ECD da SCP.","N","001","[0; 1; 2]","Sim","int","True","","['0', '1', '2']",""
"0000","18","COD_SCP","CNPJ da SCP (Art. 4º, XVII, da IN RFB nº 1.634, de 6 de maio de 2016). Observação: Só deve ser preenchido pela própria SCP com o CNPJ da SCP (Não é preenchido pelo sócio ostensivo).","N","014","","Não","int","False","['REGRA_SCP_OBRIGATORIO', 'REGRA_SCP_NAO_PREENCHER', 'REGRA_CNPJ_DIFERENTE_SCP', 'REGRA_VALIDA_CNPJ']","",""
"0000","19","IDENT_MF","Identificação de moeda funcional: Indica que a escrituração abrange valores com base na moeda funcional (art. 287 da Instrução Normativa RFB nº 1.700, de 14 de março de 2017). Observação: Deverá ser utilizado o registro I020 para informação de campos adicionais, conforme instruções do item 1.24.","C","001","[S; N]","Sim","char","True","","['S', 'N']",""
"0000","20","IND_ESC_CONS","Escriturações Contábeis Consolidadas: (Deve ser preenchido pela empresa controladora obrigada a informar demonstrações contábeis consolidadas, nos termos da Lei nº 6.404/76 e/ou do Pronunciamento Técnico CPC 36 – Demonstrações Consolidadas) S – Sim N – Não","C","001","[S; N]","Sim","char","True","['REGRA_CONGLOMERADO_MES_12']","['S', 'N']",""
"0000","21","IND_CENTRALIZADA","Indicador da modalidade de escrituração centralizada ou descentralizada: 0 – Escrituração Centralizada 1 – Escrituração Descentralizada","N","001","[0;1]","Sim","int","True","","['0', '1']",""
"0000","22","IND_MUDANC_PC","Indicador de mudança de plano de contas: 0 – Não houve mudança no plano de contas. 1 – Houve mudança no plano de contas.","N","001","[0;1]","Sim","int","True","","['0', '1']",""
"0000","23","COD_PLAN_REF","Código do Plano de Contas Referencial que será utilizado para o mapeamento de todas as contas analíticas: 1 – PJ em Geral – Lucro Real 2 – PJ em Geral – Lucro Presumido 3 – Financeiras – Lucro Real 4 – Seguradoras – Lucro Real 5 – Imunes e Isentas em Geral 6 – Imunes e Isentas – Financeiras 7 – Imunes e Isentas – Seguradoras 8 – Entidades Fechadas de Previdência Complementar 9 – Partidos Políticos 10 – Financeiras – Lucro Presumido bservação: Caso a pessoa jurídica não realize o mapeamento para os planos referenciais na ECD, este campo deve ficar em branco.","C","2","[1; 2; 3; 4; 5; 6; 7; 8; 9; 10; '']","Não","char","False","","['1', '2', '3', '4', '5', '6', '7', '8', '9', '10', '']",""
"0001","2","IND_DAD","Indicador de movimento: 0- Bloco com dados informados; 1- Bloco sem dados informados.","N","001","[0,1]","Sim","int","True","","['0', '1']",""
"0007","2","COD_ENT_REF","Código da instituição responsável pela administração do cadastro (conforme tabela publicada pelo Sped).","C","","","Sim","char","True","['REGRA_TABELA_INSTITUICOES_CADASTRO']","",""
"0007","3","COD_INSCR","Código cadastral da pessoa jurídica na instituição identificada no campo 02.","C","","","Não","char","False","['REGRA_VALIDA_INSCRICAO']","",""
"0020","2","IND_DEC","Indicador de descentralização: 0 – Escrituração da matriz. 1 – Escrituração da filial.","N","001","[0,1]","Sim","int","True","['REGRA_CONGLOMERADO_NA_MATRIZ']","['0', '1']",""
"0020","3","CNPJ","Número de inscrição da pessoa jurídica no CNPJ da matriz ou da filial.","N","014","","Sim","int","True","['REGRA_VALIDA_CNPJ', 'REGRA_VERIFICA_CNPJ_REG_0000_REG_0020', 'REGRA_REGISTRO_DUPLICADO', 'REGRA_DUPLICIDADE_CNPJ_REG_0000_REG_0020']","",""
"0020","4","UF","Sigla da unidade da federação da matriz ou da filial.","C","002","","Sim","char","True","['REGRA_TABELA_UF']","",""
"0020","5","IE","Inscrição estadual da matriz ou da filial.","C","","","Não","char","False","['REGRA_CAMPO_CARACTERE_INVALIDO']","",""
"0020","6","COD_MUN","Código do município do domicílio da matriz ou da filial.","N","007","","Não","int","False","['REGRA_TABELA_MUNICIPIO']","",""
"0020","7","IM","Número de Inscrição Municipal da matriz ou da filial.","C","","","Não","char","False","['REGRA_CAMPO_CARACTERE_INVALIDO']","",""
"0020","8","NIRE","Número de Identificação do Registro de Empresas da matriz ou da filial na Junta Comercial.","N","11","","Não","int","False","['REGRA_VALIDA_NIRE']","",""
"0035","2","COD_SCP","CNPJ da SCP (Art. 4º, XVII, da Instrução Normativa RFB nº 1.634, de 6 de maio de 2016).","C","014","","Sim","char","True","['REGRA_CNPJ_DIFERENTE_SCP']","",""
"0035","3","NOME_SCP","Nome da SCP","C","","","Não","char","False","","",""
"0150","2","COD_PART","Código de identificação do participante no arquivo criado pela própria pessoa jurídica.","C","","","Sim","char","True","['REGRA_REGISTRO_DUPLICADO']","",""
"0150","3","NOME","Nome pessoal ou empresarial do participante.","C","","","Sim","char","True","","",""
"0150","4","COD_PAIS","Código do país do participante, conforme a tabela do Banco Central do Brasil.","N","005","","Sim","int","True","['REGRA_TABELA_PAIS']","",""
"0150","5","CNPJ","CNPJ do participante.","N","014","","Não","int","False","['REGRA_VALIDA_CNPJ']","",""
"0150","6","CPF","CPF do participante.","N","011","","Não","int","False","['REGRA_VALIDA_CPF']","",""
"0150","7","NIT","Número de Identificação do Trabalhador, Pis, Pasep, SUS.","N","011","","Não","int","False","","",""
"0150","8","UF","Sigla da unidade da federação do participante.","C","002","","Não","char","False","['REGRA_TABELA_UF', 'REGRA_CAMPO_NAO_OBRIGATORIO_PAIS_BRASIL']","",""
"0150","9","IE","Inscrição Estadual do participante.","C","","","Não","char","False","['REGRA_CAMPO_CARACTERE_INVALIDO']","",""
"0150","10","IE_ST","Inscrição Estadual do participante na unidade da federação do destinatário, na condição de contribuinte substituto.","C","","","Não","char","False","['REGRA_CAMPO_CARACTERE_INVALIDO']","",""
"0150","11","COD_MUN","Código do município, conforme a tabela do IBGE.","N","007","","Não","int","False","['REGRA_TABELA_MUNICIPIO', 'REGRA_CAMPO_NAO_OBRIGATORIO_PAIS_BRASIL']","",""
"0150","12","IM","Inscrição Municipal do participante.","C","","","Não","char","False","['REGRA_CAMPO_CARACTERE_INVALIDO']","",""
"0180","2","COD_REL","Código do relacionamento conforme tabela publicada pelo Sped.","N","002","","Sim","int","True","['REGRA_TABELA_RELACIONAMENTO']","",""
"0180","3","DT_INI_REL","Data do início do relacionamento.","N","008","","Sim","date","True","['REGRA_DT_INI_MAIOR_DT_FIN_REL']","",""
"0180","4","DT_FIN_REL","Data do término do relacionamento.","N","008","","Não","date","False","","",""
"0990","2","QTD_LIN_0","Quantidade total de linhas do Bloco 0.","N","","","Sim","int","True","['REGRA_QTD_LIN_BLOCO_0']","",""
"C001","2","IND_DAD","Indicador de movimento: 0- Bloco com dados informados; 1- Bloco sem dados informados.","N","001","[0,1]","Sim","int","True","","['0', '1']",""
"C040","2","HASH_ECD_REC","Hashcode da ECD recuperada.","C","040","","Sim","char","True","","",""
"C040","3","DT_INI_ECD_REC","Data inicial das informações contidas na ECD recuperada.","N","008","","Sim","date","True","","",""
"C040","4","DT_FIN_ECD_REC","Data final das informações contidas na ECD recuperada.","N","008","","Sim","date","True","","",""
"C040","5","CNPJ_ECD_REC","CNPJ da ECD recuperada.","N","014","","Sim","int","True","","",""
"C040","6","IND_ESC","Indicador da forma de escrituração contábil: G – Livro Diário Geral. R – Livro Diário com Escrituração Resumida. B – Livro de Balancetes Diários.","C","001","[G;R;B]","Sim","char","True","","['G', 'R', 'B']",""
"C040","7","COD_VER_LC","Código da versão do leiaute.","C","","","Sim","char","True","","",""
"C040","8","NUM_ORD","Número de ordem da escrituração.","N","","","Sim","int","True","","",""
"C040","9","NAT_LIVR","Natureza do livro.","C","080","","Sim","char","True","","",""
"C040","10","IND_SIT_ESP_ECD_REC","Indicador de situação especial da ECD recuperada: 1 – Cisão. 2 – Fusão. 3 - Incorporação. 4 – Extinção.","N","001","[1;2;3;4]","Não","int","False","","['1', '2', '3', '4']",""
"C040","11","IND_NIRE_ECD_REC","Indicador de existência de Nire: 0 – Pessoa jurídica não possui registro na Junta Comercial. 1 – Pessoa jurídica possui registro na Junta Comercial.","N","001","[0;1]","Sim","int","True","","['0', '1']",""
"C040","12","IND_FIN_ESC_ECD_REC","Indicador da finalidade da escrituração: 0 – Original. 1 – Substituta.","N","001","[0;1]","Sim","int","True","","['0', '1']",""
"C040","13","TIP_ECD_REC","Indicador do tipo da ECD: 0 – ECD de empresa não participante de SCP como sócio ostensivo. 1 – ECD de empresa participante de SCP como sócio ostensivo. 2 – ECD da SCP.","N","001","[0;1;2]","","int","","","['0', '1', '2']",""
"C040","14","COD_SCP_ECD_REC","CNPJ da SCP.","N","014","","Não","int","False","","",""
"C040","15","IDENT_MF_ECD_REC","Identificação de moeda funcional: S – Sim N – Não","C","001","[S;N]","Sim","char","True","","['S', 'N']",""
"C040","16","IND_ESC_CONS_ECD_REC","Identificação de escriturações contábeis consolidadas: S – Sim N – Não","C","001","[S;N]","Sim","char","True","","['S', 'N']",""
"C040","17","IND_CENTRALIZADA_ECD_REC","Identificação de escrituração contábil centralizada ou descentralizada: 0 – Escrituração centralizada. 1 – Escrituração descentralizada.","N","001","[0;1]","Não","int","False","","['0', '1']",""
"C040","18","IND_MUDANCA_PC_ECD_REC","Indicativo de mudança de plano de contas: 0 – Não houve alteração de plano de contas. 1 – Houve alteração de plano de contas.","N","001","[0;1]","Não","int","False","","['0', '1']",""
"C040","19","IND_PLANO_REF_ECD_REC","Código do Plano de Contas Referencial que será utilizado para o mapeamento de todas as contas analíticas: 1 – PJ em Geral – Lucro Real. 2 – PJ em Geral – Lucro Presumido. 3 – Financeiras – Lucro Real. 4 – Seguradoras – Lucro Real. 5 – Imunes e Isentas em Geral. 6 – Imunes e Isentas – Financeiras. 7 – Imunes e Isentas – Seguradoras. 8 – Entidades Fechadas de Previdência Complementar. 9 – Partidos Políticos. 10 – Financeiras – Lucro Presumido.","N","002","[0;1;2;3;4; 5;6;7;8;9;10]","Não","int","False","","['0', '1', '2', '3', '4', '5', '6', '7', '8', '9', '10']",""
"C150","2","DT_INI","Data inicial do período.","N","008","","Sim","date","True","","",""
"C150","3","DT_FIN","Data final do período.","N","008","","Sim","date","True","","",""
"C155","2","COD_CTA_REC","Código da conta analítica.","C","","","Sim","char","True","","",""
"C155","3","COD_CCUS_REC","Código do centro de custos.","C","","","Não","char","False","","",""
"C155","4","VL_SLD_INI_REC","Valor do saldo inicial do período.","N","019","","Sim","float","True","","","002"
"C155","5","IND_DC_INI_REC","Indicador da situação do saldo inicial: D – Devedor. C – Credor.","C","001","[D;C]","Sim","char","True","","['D', 'C']",""
"C155","6","VL_DEB_REC","Valor total dos débitos no período.","N","019","","Sim","float","True","","","002"
"C155","7","VL_CRED_REC","Valor total dos créditos no período.","N","019","","Sim","float","True","","","002"
"C155","8","VL_SLD_FIN_REC","Valor do saldo final do período.","N","019","","Sim","float","True","","","002"
"C155","9","IND_DC_FIN_REC","Indicador da situação do saldo final do período.","C","001","[D;C]","Sim","char","True","","['D', 'C']",""
"C600","2","DT_INI","Data inicial das demonstrações contábeis.","N","008","","Sim","date","True","","",""
"C600","3","DT_FIN","Data final das demonstrações contábeis.","N","008","","Sim","date","True","","",""
"C600","4","ID_DEM","Identificação das demonstrações: 1 – Demonstrações contábeis do empresário ou sociedade empresária a que se refere a escrituração. 2 – Demonstrações consolidadas ou de outras pessoas jurídicas.","N","001","[1;2]","Sim","int","True","","['1', '2']",""
"C600","5","CAB_DEM","Cabeçalho das demonstrações","C","65535","","Não","char","False","","",""
"C650","2","COD_AGL","Código de aglutinação da linha.","C","","","Sim","char","True","","",""
"C650","3","NIVEL_AGL","Nível do código de aglutinação da linha.","N","","","Sim","int","True","","",""
"C650","4","DESCR_COD_AGL","Descrição do código de aglutinação da linha.","C","","","Sim","char","True","","",""
"C650","5","VL_CTA_FIN","Valor do saldo final da linha.","N","019","","Sim","float","True","","","002"
"C650","6","IND_DC_CTA_FIN","Indicador da situação do saldo final da linha: D – Devedor. C – Credor.","C","001","[D;C]","Sim","char","True","","['D', 'C']",""
"C990","2","QTD_LIN_0","Quantidade total de linhas do Bloco 0.","N","","","Sim","int","True","['REGRA_QTD_LIN_BLOCO_C']","",""
"I001","2","IND_DAD","Indicador de movimento: 0- Bloco com dados informados; 1- Bloco sem dados informados.","N","001","[0,1]","Sim","int","True","","['0', '1']",""
"I010","2","IND_ESC","G R A B Z Indicador da forma de escrituração contábil: - Livro Diário (Completo sem escrituração auxiliar). - Livro Diário com Escrituração Resumida (com escrituração auxiliar). - Livro Diário Auxiliar ao Diário com Escrituração Resumida. - Livro Balancetes Diários e Balanços. – Razão Auxiliar (Livro Contábil Auxiliar conforme leiaute definido nos registros I500 a I555).","C","001","[“G”,”R”, ”A”,”B”, ”Z”]","Sim","char","True","","['G', 'R', 'A', 'B', 'Z']",""
"I010","3","COD_VER_LC","Código da Versão do Leiaute Contábil. (Preencher com 8.00)","C","","[8.00]","Sim","char","True","['REGRA_VERSAO_LC']","",""
"I012","2","NUM_ORD","Número de ordem do instrumento associado.","N","","","Sim","int","True","['REGRA_MAIOR_QUE_ZERO']","",""
"I012","3","NAT_LIVR","Natureza do livro associado; finalidade a que se destina o instrumento.","C","80","","Sim","char","True","","",""
"I012","4","TIPO","Tipo de escrituração do livro associado: 0 – digital (incluído no Sped). 1 – outros.","N","001","[0,1]","Sim","int","True","['REGRA_VALIDA_TIPO_LIVRO_AUXILIAR']","['0', '1']",""
"I012","5","COD_HASH_AUX","Código Hash do arquivo correspondente ao livro auxiliar utilizado na assinatura digital.","C","40","","Não","char","False","['REGRA_CAMPO_COD_HASH_AUX_OBRIGATORIO', 'REGRA_VALIDA_HEXADECIMAL']","",""
"I015","2","COD_CTA_RES","Código da(s) conta(s) analítica(s) do Livro Diário com Escrituração Resumida (R) que recebe os lançamentos globais (deve corresponder a uma conta sintética no livro auxiliar).","C","","","Sim","char","True","['REGRA_VALIDA_CONTA_RESUMIDA_AUXILIAR', 'REGRA_VALIDA_CONTA_AUXILIAR_RESUMIDA']","",""
"I020","2","REG_COD","Código do registro que recepciona o campo adicional.","C","004","[do “I050” ao “I355”]","Sim","char","True","['REGRA_REG_COD_NUM_AD_DUPLICADO']","",""
"I020","3","NUM_AD","Número sequencial do campo adicional.","N","","","Sim","int","True","","",""
"I020","4","CAMPO","Nome do campo adicional.","C","","","Sim","char","True","","",""
"I020","5","DESCRIÇÃO","Descrição do campo adicional.","C","","","Não","char","False","","",""
"I020","6","TIPO","Indicação do tipo de dado (N: numérico; C: caractere).","C","","[“N”,”C”]","Sim","char","True","","['N', 'C']",""
"I020","7","IND_DC_INI_MF","Indicador da situação do saldo inicial em moeda funcional: D - Devedor; C - Credor.","C","001","[“D”,”C”]","","char","","","['D', 'C']",""
"I030","2","DNRC_ABERT","Texto fixo contendo “TERMO DE ABERTURA”.","C","017","“TERMO DE ABERTURA”","Sim","char","True","","",""
"I030","3","NUM_ORD","Número de ordem do instrumento de escrituração.","N","","","Sim","int","True","['REGRA_MAIOR_QUE_ZERO']","",""
"I030","4","NAT_LIVR","Natureza do livro; finalidade a que se destina o instrumento.","C","80","","Sim","char","True","['REGRA_VALIDA_IDENT_MF_LIVRO_RAS', 'REGRA_VALIDA_CONTEUDO_NAT_LIVR']","",""
"I030","5","QTD_LIN","Quantidade total de linhas do arquivo digital.","N","","","Sim","int","True","['REGRA_IGUAL_QTD_LIN_REG9999']","",""
"I030","6","NOME","Nome empresarial.","C","","","Sim","char","True","['REGRA_IGUAL_NOME_REG0000']","",""
"I030","7","NIRE","Número de Identificação do Registro de Empresas da Junta Comercial.","N","011","","Não","int","False","['REGRA_VALIDA_NIRE', 'REGRA_NIRE_UF', 'REGRA_CAMPO_OBRIGATORIO_NIRE']","",""
"I030","8","CNPJ","Número de inscrição no CNPJ.","N","014","","Sim","int","True","['REGRA_IGUAL_CNPJ_REG0000']","",""
"I030","9","DT_ARQ","Data do arquivamento dos atos constitutivos.","N","008","","Não","date","False","['REGRA_DATA_INI_MAIOR_ADV']","",""
"I030","10","DT_ARQ_CONV","Data de arquivamento do ato de conversão de sociedade simples em sociedade empresária.","N","008","","Não","date","False","['REGRA_DATA_INI_MAIOR', 'REGRA_PREENCHE_DATA_I030']","",""
"I030","11","DESC_MUN","Município.","C","","","Não","char","False","","",""
"I030","12","DT_EX_SOCIAL","Data de encerramento do exercício social.","N","008","","Sim","date","True","['REGRA_OBRIGATORIA_DT_EX_SOCIAL']","",""
"I050","2","DT_ALT","Data da inclusão/alteração.","N","008","","Sim","date","True","['REGRA_ANO_ALT_MAIOR_ANO_FIN']","",""
"I050","3","COD_NAT","Código da natureza da conta/grupo de contas, conforme tabela publicada pelo Sped.","C","002","","Sim","char","True","['REGRA_TABELA_NATUREZA']","",""
"I050","4","IND_CTA","Indicador do tipo de conta: S - Sintética (grupo de contas) A - Analítica (conta)","C","001","[“S”,”A”]","Sim","char","True","","['S', 'A']",""
"I050","5","NIVEL","Nível da conta analítica/grupo de contas.","N","","","Sim","int","True","['REGRA_MAIOR_QUE_UM', 'REGRA_VALIDA_NIVEL_CONTAS']","",""
"I050","6","COD_CTA","Código da conta analítica/grupo de contas.","C","","","Sim","char","True","['REGRA_COD_CTA_IGUAL_COD_CTA_SUP']","",""
"I050","7","COD_CTA_SUP","Código da conta sintética /grupo de contas de nível imediatamente superior.","C","","","Não","char","False","['REGRA_COD_CTA_SUP_OBRIGATORIO', 'REGRA_CTA_DE_NIVEL_SUPERIOR_INVALIDA', 'REGRA_CONTA_SUPERIOR_NAO_SE_APLICA']","",""
"I050","8","CTA","Nome da conta analítica/grupo de contas.","C","","","Sim","char","True","","",""
"I051","2","COD_CCUS","Código do centro de custo.","C","","","Não","char","False","['REGRA_CCUS_NO_CENTRO_CUSTOS_N3']","",""
"I051","3","COD_CTA_REF","Código da conta de acordo com o plano de contas referencial, conforme tabela publicada pelos órgãos indicados no campo COD_PLAN_REF do registro 0000.","C","","","Sim","char","True","['REGRA_VALIDADE_COD_CTA_PAD', 'REGRA_NAO_EXISTE_COD_CTA_PAD']","",""
"I052","2","COD_CCUS","Código do centro de custo.","C","","","Não","char","False","['REGRA_CCUS_NO_CENTRO_CUSTOS_N3']","",""
"I052","3","COD_AGL","Código de aglutinação utilizado nas demonstrações contábeis do bloco J (Somente para as contas analíticas).","C","","","Sim","char","True","","",""
"I053","2","COD_IDT","Código de identificação do grupo de conta- subconta(s)","C","006","","Sim","char","True","['REGRA_COD_IDT_UNICO_POR_CONTA']","",""
"I053","3","COD_CNT_CORR","Código da subconta correlata (deve estar no plano de contas e só pode estar relacionada a um único grupo)","C","","","Sim","char","True","['REGRA_SUBCONTA_NO_PLANO_CONTAS']","",""
"I053","4","NAT_SUB_CNT","Natureza da subconta correlata (conforme tabela de natureza da subconta publicada no Sped )","C","002","","Sm","char","True","['REGRA_NAT_090_UNICA_POR_CONTA']","",""
"I075","2","COD_HIST","Código do histórico padronizado.","C","","","Sim","char","True","['REGRA_REGISTRO_DUPLICADO']","",""
"I075","3","DESCR_HIST","Descrição do histórico padronizado.","C","","","Sim","char","True","","",""
"I100","2","DT_ALT","Data da inclusão/alteração.","N","008","","Sim","date","True","['REGRA_DT_ALT_DATA_MAIOR']","",""
"I100","3","COD_CCUS","Código do centro de custos.","C","","","Sim","char","True","","",""
"I100","4","CCUS","Nome do centro de custos.","C","","","Sim","char","True","","",""
"I150","2","DT_INI","Data de início do período.","N","008","","Sim","date","True","['REGRA_DATA_INTERVALO_DO_ARQUIVO', 'REGRA_DT_INI_MAIOR_DT_FIN', 'REGRA_DT_INI_INICIO_MES']","",""
"I150","3","DT_FIN","Data de fim do período.","N","008","","Sim","date","True","['REGRA_DATA_INTERVALO_DO_ARQUIVO', 'REGRA_DT_FIN_FIM_MES']","",""
"I155","2","COD_CTA","Código da conta analítica.","C","","","Sim","char","True","['REGRA_CONTA_PARA_LANCAMENTO']","",""
"I155","3","COD_CCUS","Código do centro de custos.","C","","","Não","char","False","['REGRA_CCUS_NO_CENTRO_CUSTOS']","",""
"I155","4","VL_SLD_INI","Valor do saldo inicial do período.","N","019","","Sim","float","True","","","02"
"I155","5","IND_DC_INI","Indicador da situação do saldo inicial: D - Devedor; C - Credor.","C","001","[“D”,”C”]","Não","char","False","['REGRA_IND_DC_INI_OBRIGATORIO']","['D', 'C']",""
"I155","6","VL_DEB","Valor total dos débitos do período.","N","019","","Sim","float","True","","","02"
"I155","7","VL_CRED","Valor total dos créditos do período.","N","019","","Sim","float","True","","","02"
"I155","8","VL_SLD_FIN","Valor do saldo final do período.","N","019","","Sim","float","True","","","02"
"I155","9","IND_DC_FIN","Indicador da situação do saldo final: D - Devedor; C - Credor.","C","001","[“D”,”C”]","Não","char","False","['REGRA_IND_DC_FIN_OBRIGATORIO']","['D', 'C']",""
"I155","10","VL_SLD_INI_MF","Valor do saldo inicial do período em moeda funcional, convertido para reais.","N","019","","","float","","","","02"
"I155","11","IND_DC_INI_MF","Indicador da situação do saldo inicial em moeda funcional: D - Devedor; C - Credor.","C","001","[“D”,”C”]","","char","","","['D', 'C']",""
"I155","12","VL_DEB_MF","Valor total dos débitos do período em moeda funcional, convertido para reais.","N","019","","","float","","","","02"
"I155","13","VL_CRED_MF","Valor total dos créditos do período em moeda funcional, convertido para reais.","N","019","","","float","","","","02"
"I155","14","VL_SLD_FIN_MF","Valor do saldo final do período em moeda funcional, convertido para reais.","N","019","","","float","","","","02"
"I155","15","IND_DC_FIN_MF","Indicador da situação do saldo final em moeda funcional: D - Devedor; C - Credor.","C","001","[“D”,”C”]","","char","","","['D', 'C']",""
"I157","2","COD_CTA","Código da conta analítica do plano de contas anterior.","C","","","Sim","char","True","","",""
"I157","3","COD_CCUS","Código do centro de custos do plano de contas anterior.","C","","","Não","char","False","","",""
"I157","4","VL_SLD_INI","Valor do saldo inicial do período.","N","019","","Sim","float","True","","","02"
"I157","5","IND_DC_INI","Indicador da situação do saldo inicial: D - Devedor; C - Credor.","C","001","[“D”,”C”]","Não","char","False","['REGRA_IND_DC_INI_OBRIGATORIO']","['D', 'C']",""
"I157","6","VL_SLD_INI_MF","Valor do saldo inicial do período em moeda funcional, convertido para reais.","N","019","","","float","","","","02"
"I157","7","IND_DC_INI_MF","Indicador da situação do saldo inicial em moeda funcional: D - Devedor; C - Credor.","C","001","[“D”,”C”]","","char","","","['D', 'C']",""
"I200","2","NUM_LCTO","Número ou Código de identificação único do lançamento contábil.","C","","","Sim","char","True","['REGRA_REGISTRO_DUPLICADO']","",""
"I200","3","DT_LCTO","Data do lançamento.","N","008","","Sim","date","True","['REGRA_DATA_INTERVALO_DO_ARQUIVO', 'REGRA_DATA_ANTIGA']","",""
"I200","4","VL_LCTO","Valor do lançamento.","N","019","","Sim","float","True","['REGRA_VALIDACAO_VL_LCTO_DEB', 'REGRA_VALIDACAO_VL_LCTO_CRED', 'REGRA_VALIDACAO_VL_LCTO_ESC_AUXILIAR']","","02"
"I200","5","IND_LCTO","Indicador do tipo de lançamento: N - Lançamento normal (todos os lançamentos, exceto os de encerramento das contas de resultado); E - Lançamento de encerramento de contas de resultado. X – Lançamento extemporâneo.","C","001","[“N”, “E”]","Sim","char","True","","['N', 'E']",""
"I200","6","DT_LCTO_EXT","O Data de ocorrência dos fatos objeto do lançamento extemporâneo. bservação: Caso não seja possível precisar a data a que se refiram os fatos do lançamento extemporâneo, informar a data de encerramento do exercício em que ocorreram esses fatos.","N","008","","Não","date","False","['REGRA_DT_LCTO_EXT_OBRIGATORIA', 'REGRA_DT_LCTO_EXT_INDEVIDA', 'REGRA_DT_ANTIGA', 'REGRA_DT_LCTO_EXT_INV']","",""
"I250","2","COD_CTA","Código da conta analítica debitada/creditada.","C","","","Sim","char","True","['REGRA_CONTA_PARA_LANCAMENTO', 'REGRA_LANC_EXT_CONTA_RESULTADO']","",""
"I250","3","COD_CCUS","Código do centro de custos.","C","","","Não","char","False","['REGRA_CCUS_NO_CENTRO_CUSTOS']","",""
"I250","4","VL_DC","Valor da partida.","N","019","","Sim","float","True","","","02"
"I250","5","IND_DC","Indicador da natureza da partida: D - Débito; C - Crédito.","C","001","[“D”,”C”]","Sim","char","True","","['D', 'C']",""
"I250","6","NUM_ARQ","Número, Código ou caminho de localização dos documentos arquivados.","C","","","Não","char","False","","",""
"I250","7","COD_HIST_PAD","Código do histórico padronizado, conforme tabela I075.","C","","","Não","char","False","['REGRA_COD_HIS_PAD_NO_HISTORICO_PADRAO']","",""
"I250","8","HIST","O Histórico completo da partida ou histórico complementar. bservação: Caso o lançamento seja do tipo “X” – lançamento extemporâneo - em qualquer das formas de retificação, o histórico do lançamento extemporâneo deve especificar o motivo da correção, a data e o número do lançamento de origem (item 32 do ITG 2000 (R1)).","C","65535","","Não","char","False","","",""
"I250","9","COD_PART","Código de identificação do participante na partida conforme tabela 0150 (preencher somente quando identificado o tipo de participação no registro 0180).","C","","","Não","char","False","['REGRA_CODIGO_PARTICIPANTE']","",""
"I250","10","VL_DC_MF","Valor da partida em moeda funcional, convertido para reais.","N","019","","","float","","","","02"
"I250","11","IND_DC_MF","Indicador da natureza da partida em moeda funcional: D - Débito; C - Crédito.","C","001","[“D”,”C”]","","char","","","['D', 'C']",""
"I300","2","DT_BCTE","Data do balancete.","N","8","","Sim","date","True","['REGRA_DATA_INTERVALO_DO_ARQUIVO']","",""
"I310","2","COD_CTA","Código da conta analítica debitada/creditada.","C","","","Sim","char","True","['REGRA_CONTA_PARA_LANCAMENTO']","",""
"I310","3","COD_CCUS","Código do centro de custos.","C","","","Não","char","False","['REGRA_CCUS_NO_CENTRO_CUSTOS']","",""
"I310","4","VAL_DEBD","Total dos débitos do dia.","N","019","","Sim","float","True","","","02"
"I310","5","VAL_CREDD","Total dos créditos do dia.","N","019","","Sim","float","True","","","02"
"I310","6","VAL_DEB_MF","Total dos débitos do dia em moeda funcional, convertido para reais.","N","019","","","float","","","","02"
"I310","7","VAL_CRED_MF","Total dos créditos do dia em moeda funcional, convertido para reais.","N","019","","","float","","","","02"
"I350","2","DT_RES","Data da apuração do resultado.","N","008","","Sim","date","True","['REGRA_DATA_INTERVALO_DO_ARQUIVO']","",""
"I355","2","COD_CTA","Código da conta analítica de resultado.","C","","","Sim","char","True","['REGRA_CONTA_RESULTADO', 'REGRA_CONTA_PARA_LANCAMENTO']","",""
"I355","3","COD_CCUS","Código do centro de custos.","C","","","Não","char","False","['REGRA_CCUS_NO_CENTRO_CUSTOS']","",""
"I355","4","VL_CTA","Valor do saldo final antes do lançamento de encerramento.","N","019","","Sim","float","True","","","02"
"I355","5","IND_DC","Indicador da situação do saldo final: D - Devedor; C - Credor.","C","001","[“D”,”C”]","Sim","char","True","","['D', 'C']",""
"I355","6","VL_CTA_MF","Valor do saldo final antes do lançamento de encerramento em moeda funcional, convertido para reais.","N","019","","","float","","","","02"
"I355","7","IND_DC_MF","Indicador da situação do saldo final em moeda funcional: D - Devedor; C - Credor.","C","001","[“D”,”C”]","","char","","","['D', 'C']",""
"I500","2","TAM_FONTE","Tamanho da fonte.","N","002","","Sim","int","True","['REGRA_TAM_FONTE']","",""
"I510","2","NM_CAMPO","Nome do campo, sem espaços em branco ou caractere especial.","C","016","","Sim","char","True","","",""
"I510","3","DESC_CAMPO","Descrição do campo (utilizada na visualização do Livro Auxiliar)","C","050","","Sim","char","True","","",""
"I510","4","TIPO_CAMPO","Tipo do campo: “N” – Numérico; “C” – Caractere.","C","001","[N, C]","Sim","char","True","","['N', 'C']",""
"I510","5","TAM_CAMPO","Tamanho do campo.","N","003","","Sim","int","True","","",""
"I510","6","DEC_CAMPO","Quantidade de casas decimais para campos tipo “N”.","N","002","","Não","int","False","","",""
"I510","7","COL_CAMPO","Largura da coluna no relatório (em quantidade de caracteres).","N","003","","Sim","int","True","","",""
"I990","2","QTD_LIN_I","Quantidade total de linhas do Bloco I.","N","","","Sim","int","True","['REGRA_QTD_LIN_BLOCOI']","",""
"J001","2","IND_DAD","Indicador de movimento: 0- Bloco com dados informados; 1- Bloco sem dados informados.","N","001","[0,1]","Sim","int","True","","['0', '1']",""
"J005","2","DT_INI","Data inicial das demonstrações contábeis.","N","008","","Sim","date","True","['REGRA_DATA_INI_MAIOR', 'REGRA_DT_INI_MAIOR_DT_FIN', 'REGRA_DATA_ANTIGA']","",""
"J005","3","DT_FIN","Data final das demonstrações contábeis.","N","008","","Sim","date","True","['REGRA_DATA_INI_MAIOR', 'REGRA_DATA_ANTIGA']","",""
"J005","4","ID_DEM","Identificação das demonstrações: 1 – demonstrações contábeis da pessoa jurídica a que se refere a escrituração; 2 – demonstrações consolidadas ou de outras pessoas jurídicas.","N","001","[1,2]","Sim","int","True","","['1', '2']",""
"J005","5","CAB_DEM","Cabeçalho das demonstrações.","C","65535","","Não","char","False","['REGRA_CAB_DEM_OBRIGATORIO']","",""
"J100","2","COD_AGL","O Código de aglutinação atribuído pela pessoa jurídica. bservação: Caso o indicador de código de aglutinação seja totalizador (T), o código de aglutinação deve ser informado, mas não deve estar cadastrado no registro I052 – os códigos de aglutinação informados no registro I052 são somente para contas analíticas.","C","","","Sim","char","True","['REGRA_COD_AGL_IGUAL_COD_AGL_SUPERIOR']","",""
"J100","3","IND_COD_AGL","Indicador do tipo de código de aglutinação das linhas: T – Totalizador (nível que totaliza um ou mais níveis inferiores da demonstração financeira) D – Detalhe (nível mais detalhado da demonstração financeira)","C","001","[“T”,“D”]","Sim","char","True","","['T', 'D']",""
"J100","4","NIVEL_AGL","Nível do Código de aglutinação (mesmo conceito do plano de contas – Registro I050).","N","","","Sim","int","True","['REGRA_MAIOR_QUE_ZERO', 'REGRA_VALIDA_NIVEL_AGL']","",""
"J100","5","COD_AGL_SUP","Código de aglutinação sintético/grupo de código de aglutinação de nível superior.","C","","","Não","char","False","['REGRA_COD_AGL_SUP_OBRIGATORIO', 'REGRA_COD_AGL_DE_NIVEL_SUPERIOR_INVALIDO', 'REGRA_COD_AGL_NAO_SE_APLICA']","",""
"J100","6","IND_GRP_BAL","Indicador de grupo do balanço: A – Ativo; P – Passivo e Patrimônio Líquido.","C","001","[“A”,”P”]","Sim","char","True","","['A', 'P']",""
"J100","7","DESCR_COD_AGL","Descrição do Código de aglutinação.","C","","","Sim","char","True","","",""
"J100","8","VL_CTA_INI","Valor inicial do código de aglutinação no Balanço Patrimonial no exercício informado, ou de período definido em norma específica.","N","019","","Sim","float","True","","","2"
"J100","9","IND_DC_CTA_INI","Indicador da situação do saldo inicial informado no campo anterior: D - Devedor; C – Credor.","C","001","[“D”,”C”]","Sim","char","True","","['D', 'C']",""
"J100","10","VL_CTA_FIN","Valor final do código de aglutinação no Balanço Patrimonial no exercício informado, ou de período definido em norma específica.","N","019","","Sim","float","True","","","2"
"J100","11","IND_DC_CTA_FIN","Indicador da situação do saldo final informado no campo anterior: D - Devedor; C – Credor.","C","001","[“D”,”C”]","Sim","char","True","","['D', 'C']",""
"J100","12","NOTA_EXP_REF","Referência a numeração das notas explicativas relativas às demonstrações contábeis.","C","12","","Não","char","False","","",""
"J150","2","NU_ORDEM","O Número de ordem da linha na visualização da demonstração. rdem de apresentação da linha na visualização do registro J150.","N","019","","Sim","int","True","","",""
"J150","3","COD_AGL","O Código de aglutinação das linhas, atribuído pela pessoa jurídica. bservação: Caso o indicador de código de aglutinação seja totalizador (T), o código de aglutinação deve ser informado, mas não deve estar cadastrado no registro I052 –","C","","","Não","char","False","['REGRA_COD_AGL_IGUAL_COD_AGL_SUPERIOR']","",""
"J150","4","IND_COD_AGL","Indicador do tipo de código de aglutinação das linhas: T – Totalizador (nível que totaliza um ou mais níveis inferiores da demonstração financeira) D – Detalhe (nível mais detalhado da demonstração financeira)","C","001","[“T”,“D”]","Sim","char","True","","['T', 'D']",""
"J150","5","NIVEL_AGL","Nível do Código de aglutinação (mesmo conceito do plano de contas – Registro I050).","N","","","Sim","int","True","['REGRA_MAIOR_QUE_ZERO', 'REGRA_VALIDA_NIVEL_AGL']","",""
"J150","6","COD_AGL_SUP","Código de aglutinação sintético/grupo de código de aglutinação de nível superior.","C","","","Não","char","False","['REGRA_COD_AGL_SUP_OBRIGATORIO', 'REGRA_COD_AGL_DE_NIVEL_SUPERIOR_INVALIDO', 'REGRA_COD_AGL_NAO_SE_APLICA']","",""
"J150","7","DESCR_COD_AGL","Descrição do Código de aglutinação.","C","","","Sim","char","True","","",""
"J150","8","VL_CTA_INI_","Valor do saldo final da linha no período imediatamente anterior.","N","019","","Não","float","False","","","02"
"J150","9","IND_DC_CTA_INI","Indicador da situação do valor final da linha no período imediatamente anterior: D – Devedor; C – Credor.","C","001","[“D”,“C”]","Não","char","False","","['D', 'C']",""
"J150","10","VL_CTA_FIN","Valor final da linha antes do encerramento do exercício.","N","019","","Sim","float","True","","","02"
"J150","11","IND_DC_CTA_FIN","Indicador da situação do valor final da linha antes do encerramento do exercício: D – Devedor; C – Credor.","C","001","[“D”,“C”]","Sim","char","True","","['D', 'C']",""
"J150","12","IND_GRP_DRE","D R Indicador de grupo da DRE: – Linha totalizadora ou de detalhe da demonstração que, por sua natureza de despesa, represente redução do lucro. – Linha totalizadora ou de detalhe da demonstração que, por sua natureza de receita, represente incremento do lucro.","C","001","[“D”,”R”]","Sim","char","True","","['D', 'R']",""
"J150","13","NOTA_EXP_REF","Referência a numeração das notas explicativas relativas às demonstrações contábeis.","C","12","","Não","char","False","","",""
"J210","2","IND_TIP","Indicador do tipo de demonstração: 0 – DLPA – Demonstração de Lucro ou Prejuízos Acumulados 1 – DMPL – Demonstração de Mutações do Patrimônio Líquido","N","001","[0,1]","Sim","float","True","","['0', '1']","0"
"J210","3","COD_AGL","Código de aglutinação das contas analíticas do patrimônio líquido, atribuído pela empresa.","C","","","Sim","char","True","['REGRA_EXISTE_AGLUTINACAO_J210']","",""
"J210","4","DESCR_COD_AGL","Descrição do código de aglutinação","C","","","Sim","char","True","","",""
"J210","5","VL_CTA_INI","Saldo inicial do código de aglutinação na demonstração do período informado.","N","019","","Sim","float","True","","","02"
"J210","6","IND_DC_CTA_INI","Indicador da situação do saldo inicial informado no campo anterior: D – Devedor C – Credor","C","001","[“D”,”C”]","Sim","char","True","","['D', 'C']",""
"J210","7","VL_CTA_FIN","Saldo final do código de aglutinação na demonstração do período informado.","N","019","","Sim","float","True","['REGRA_VALIDA_TOTAL_COD_AGLUTINACAO_J215']","","02"
"J210","8","IND_DC_CTA_FIN","Indicador da situação do saldo final informado no campo anterior: D – Devedor C – Credor","C","001","[“D”,”C”]","Sim","char","True","","['D', 'C']",""
"J210","9","NOTAS_EXP_REF","Referência à numeração das notas explicativas relativas às demonstrações contábeis.","C","12","","Não","char","False","","",""
"J215","2","COD_HIST_FAT","Código do histórico do fato contábil.","C","","","Sim","char","True","","",""
"J215","3","DESC_FAT","Descrição do Fato Contábil","C","","","Sim","char","True","","",""
"J215","4","VL_FAT_CONT","Valor do fato contábil.","N","019","","Sim","float","True","","","02"
"J215","5","IND_DC_FAT","Indicador de situação do saldo informado no campo anterior: D – Devedor C – Credor P – Subtotal ou total positivo N – Subtotal ou total negativo","C","001","[“D”, “C”, “P”, “N”]","Sim","char","True","","['D', 'C', 'P', 'N']",""
"J800","2","TIPO_DOC","Tipo de documento: 001: Demonstração do Resultado Abrangente do Período 002: Demonstração dos Fluxos de Caixa 003: Demonstração do Valor Adicionado 010: Notas Explicativas 011: Relatório da Administração 012: Parecer dos Auditores 099: Outros","C","003","","Sim","char","True","","",""
"J800","3","DESC_RTF","Descrição do arquivo .rtf.","C","","","Não","char","False","","",""
"J800","4","HASH_RTF","Hash do arquivo .rtf incluído. Observação: O HASH é preenchido automaticamente pelo sistema (não é editável e não pode ser alterado).","C","041","","Não","char","False","['REGRA_VALIDA_HASH_ARQUIVO']","",""
"J800","5","ARQ_RTF","Sequência de bytes que representem um único arquivo no formato RTF (Rich Text Format).","C","Não existe limite de tamanho","","Sim","char","True","","",""
"J800","6","IND_FIM_RTF","Indicador de fim do arquivo RTF. Texto fixo contendo “J800FIM”.","C","007","""J800FIM""","Sim","char","True","","",""
"J801","2","TIPO_DOC","Tipo de documento:","C","003","","Sim","char","True","","",""
"J801","3","DESC_RTF","Descrição do arquivo .rtf.","C","","","Não","char","False","","",""
"J801","4","COD_MOT_SUBS","O Código do motivo da substituição: 001 – Mudanças de saldos das contas que não podem ser realizadas por meio de lançamentos extemporâneos 002 – Alteração de assinatura 003 – Alteração de demonstrações contábeis 004 – Alteração da forma de escrituração contábil 005 – Alteração do número do livro 099 – Outros bservação: O código a ser adotado deve ser aquele cujo motivo é o preponderante na substituição da ECD.","C","010","[“001”; “002”; “003”; “004”; “005”; “099”]","Sim","char","True","","['001', '002', '003', '004', '005', '099']",""
"J801","5","HASH_RTF","Hash do arquivo .rtf incluído. Observação: O HASH é preenchido automaticamente pelo sistema (não é editável e não pode ser alterado).","C","041","","Não","char","False","['REGRA_VALIDA_HASH_ARQUIVO']","",""
"J801","6","ARQ_RTF","Sequência de bytes que representem um único arquivo no formato RTF (Rich Text Format).","C","Não existe limite de tamanho","","Sim","char","True","","",""
"J801","7","IND_FIM_RTF","Indicador de fim do arquivo RTF. Texto fixo contendo “J801FIM”.","C","007","""J801FIM""","Sim","char","True","","",""
"J900","2","DNRC_ENCER","Texto fixo contendo “TERMO DE ENCERRAMENTO”.","C","021","“TERMO DE ENCERRAMENTO”","Sim","char","True","","",""
"J900","3","NUM_ORD","Número de ordem do instrumento de escrituração.","N","","","Sim","int","True","['REGRA_IGUAL_NUM_ORD_REGI030']","",""
"J900","4","NAT_LIVRO","Natureza do livro; finalidade a que se destinou o instrumento.","C","80","","Sim","char","True","['REGRA_VALIDA_CONTEUDO_NAT_LIVR']","",""
"J900","5","NOME","Nome empresarial.","C","(*)","","Sim","char","True","['REGRA_IGUAL_NOME_REG0000']","",""
"J900","6","QTD_LIN","Quantidade total de linhas do arquivo digital.","N","","","Sim","int","True","['REGRA_IGUAL_QTD_LIN_REG9999']","",""
"J900","7","DT_INI_ESCR","Data de início da escrituração.","N","008","","Sim","date","True","['REGRA_IGUAL_DT_INI_REG0000']","",""
"J900","8","DT_FIN_ESCR","Data de término da escrituração.","N","008","","Sim","date","True","['REGRA_IGUAL_DT_FIN_REG0000']","",""
"J930","2","IDENT_NOM","Nome do signatário.","C","","","Sim","char","True","","",""
"J930","3","IDENT_CPF_CNPJ","CPF ou CNPJ","N","CPF (11) CNPJ(14)","","Sim","int","True","['REGRA_VALIDA_CPF', 'REGRA_VALIDA_CNPJ']","",""
"J930","4","IDENT_QUALIF","Qualificação do assinante, conforme tabela.","C","","","Sim","char","True","['REGRA_TABELA_ASSINANTE_DESC']","",""
"J930","5","COD_ASSIN","Código de qualificação do assinante, conforme tabela.","C","003","","Sim","char","True","['REGRA_QUALIF_INV_RESP_LEGAL']","",""
"J930","6","IND_CRC","Número de inscrição do contabilista no Conselho Regional de Contabilidade.","C","","","Não","char","False","['REGRA_OBRIGATORIO_CONTADOR']","",""
"J930","7","EMAIL","Email do signatário.","C","060","","Não","char","False","['REGRA_OBRIGATORIO_CONTADOR']","",""
"J930","8","FONE","Telefone do signatário.","C","014","","Não","char","False","['REGRA_OBRIGATORIO_CONTADOR']","",""
"J930","9","UF_CRC","Indicação da unidade da federação que expediu o CRC.","C","002","","Não","char","False","['REGRA_TABELA_UF', 'REGRA_OBRIGATORIO_CONTADOR', 'REGRA_AVISO_ASSIN_CNPJ']","",""
"J930","10","NUM_SEQ_CRC","Número da Certidão de Regularidade Profissional do Contador no seguinte formato: UF/ano/número","C","","","Não","char","False","['REGRA_VALIDA_FORMATO_SEQUENCIAL_CRC', 'REGRA_ADVERTENCIA_CONTADOR', 'REGRA_AVISO_ASSIN_CNPJ']","",""
"J930","11","DT_CRC","Data de validade da Certidão de Regularidade Profissional do Contador","N","008","","Não","date","False","['REGRA_ADVERTENCIA_CONTADOR', 'REGRA_AVISO_ASSIN_CNPJ']","",""
"J930","12","IND_RESP_LEGAL","Identificação do signatário que será validado como responsável pela assinatura da ECD, conforme atos societários: S – Sim N – Não","C","001","[S; N]","Sim","char","True","","['S', 'N']",""
"J932","2","IDENT_NOM_T","Nome do signatário do termo de verificação.","C","","","Sim","char","True","","",""
"J932","3","IDENT_CPF_CNPJ_T","CPF ou CNPJ do assinante do termo de verificação.","N","CPF (11) CNPJ(14)","","Sim","int","True","['REGRA_VALIDA_CPF', 'REGRA_VALIDA_CNPJ']","",""
"J932","4","IDENT_QUALIF_T","Qualificação do assinante do termo de verificação, conforme tabela.","C","","","Sim","char","True","['REGRA_TABELA_ASSINANTE_DESC']","",""
"J932","5","COD_ASSIN_T","Código de qualificação do assinante do termo de verificação, conforme tabela.","C","003","","Sim","char","True","['REGRA_QUALIF_INVALIDA_ASS_TERMO']","",""
"J932","6","IND_CRC_T","Número de inscrição do contabilista no Conselho","C","","","Não","char","False","['REGRA_OBRIGATORIO_ASS_TERMO']","",""
"J932","7","EMAIL_T","Email do signatário.","C","060","","Não","char","False","['REGRA_OBRIGATORIO_ASS_TERMO']","",""
"J932","8","FONE_T","Telefone do signatário.","C","014","","Não","char","False","['REGRA_OBRIGATORIO_ASS_TERMO']","",""
"J932","9","UF_CRC_T","Indicação da unidade da federação que expediu o CRC.","C","002","","Não","char","False","['REGRA_TABELA_UF', 'REGRA_OBRIGATORIO_ASS_TERMO']","",""
"J932","10","NUM_SEQ_CRC_T","Número da Certidão de Regularidade Profissional do Contador no seguinte formato: UF/ano/número","C","","","Não","char","False","['REGRA_VALIDA_FORMATO_SEQUENCIAL_CRC', 'REGRA_ADV_ASS_CONTADOR_TERMO']","",""
"J932","11","DT_CRC_T","Data de validade da Certidão de Regularidade Profissional do Contador","N","008","","Não","date","False","['REGRA_ADV_ASS_CONTADOR_TERMO']","",""
"J935","2","NI_CPF_CNPJ","CPF do auditor independente/CNPJ da pessoa jurídica de auditoria independente.","C","CPF (11) CNPJ (14)","","Sim","char","True","['REGRA_VALIDA_CNJP', 'REGRA_VALIDA_CPF']","",""
"J935","3","NOME_AUDITOR_FIRMA","Nome do auditor independente ou pessoa jurídica de auditoria independente.","C","","","Sim","char","True","","",""
"J935","4","COD_CVM_AUDITOR","Registro do auditor independente na CVM.","C","","","Não","char","False","['REGRA_COD_CVM_AUD_OBRIGATORIO']","",""
"J990","2","QTD_LIN_J","Quantidade total de linhas do Bloco J.","N","","","Sim","int","True","['REGRA_QTD_LIN_BLOCOJ']","",""
"K001","2","IND_DAD","Indicador de movimento: 0- Bloco com dados informados; 1- Bloco sem dados informados.","N","001","[0,1]","Sim","int","True","","['0', '1']",""
"K030","2","DT_INI","Data inicial do período consolidado.","N","008","","Sim","date","True","","",""
"K030","3","DT_FIN","Data final do período consolidado.","N","008","","Sim","date","True","['REGRA_DATA_MAIOR_INICIAL_CONS', 'REGRA_IGUAL_DT_FIN_REG0000', 'REGRA_PERIODO_CONS']","",""
"K100","2","COD_PAIS","Código do país da empresa, conforme tabela do Banco Central do Brasil.","N","005","Tabela externa PAIS_SISCOMEX","Sim","int","True","['REGRA_TABELA_PAISES']","",""
"K100","3","EMP_COD","Código de identificação da empresa participante.","N","004","","Sim","int","True","","",""
"K100","4","CNPJ","CNPJ (somente os 8 primeiros dígitos).","N","008","","Não","int","False","['REGRA_OBRIGATORIO_CNPJ_BRASIL']","",""
"K100","5","NOME","Nome empresarial.","C","","","Sim","char","True","","",""
"K100","6","PER_PART","Percentual de participação total do conglomerado na empresa no final do período consolidado. Observação: Neste campo, deve ser informado o percentual de participação acionária da empresa titular da ECD.","N","008","","Sim","float","True","['REGRA_PERC_MENOR_IGUAL_100', 'REGRA_MAIOR_IGUAL__ZERO']","","004"
"K100","7","EVENTO","Evento societário ocorrido no período: S - Sim N – Não","C","001","[S;N]","Sim","char","True","","['S', 'N']",""
"K100","8","PER_CONS","Percentual de consolidação da empresa no final do período consolidado: Informar o percentual do resultado da empresa que foi para a consolidação.","N","008","","Sim","float","True","['REGRA_PERC_MENOR_IGUAL_100', 'REGRA_MAIOR_IGUAL_ZERO']","","004"
"K100","9","DATA_INI_EMP","Data inicial do período da escrituração contábil da empresa que foi consolidada.","N","008","","Sim","date","True","['REGRA_CONSOLIDADA_INICIO_DIFERENTE', 'REGRA_ANO_IGUAL__ANTERIOR_K030']","",""
"K100","10","DATA_FIN_EMP","Data final do período da escrituração contábil da empresa que foi consolidada","N","008","","Sim","date","True","['REGRA_DATA_FIN_MAIOR_IGUAL', 'REGRA_CONSOLIDADA_FINAL_DIFERENTE', 'REGRA_PERIODO_CONS', 'REGRA_ANO_IGUAL__ANTERIOR_K030']","",""
"K110","2","EVENTO","Evento societário ocorrido no período: 1 – Aquisição 2 – Alienação 3 – Fusão 4 – Cisão Parcial 5 – Cisão Total 6 – Incorporação 7 – Extinção 8 – Constituição","N","001","[1;2;3;4;5;6;7;8]","Sim","int","True","","['1', '2', '3', '4', '5', '6', '7', '8']",""
"K110","3","DT_EVENTO","Data do evento societário.","N","008","","Sim","date","True","['REGRA_ANO_IGUAL_ANTERIOR_POSTERIOR_K030']","",""
"K115","2","EMP_COD_PART","Código da empresa envolvida na operação","N","004","","Sim","int","True","['REGRA_EXISTE_EMP_COD_K100']","",""
"K115","3","COND_PART","Condição da empresa relacionada à operação: 1 – Sucessora; 2 – Adquirente; 3 – Alienante.","N","001","[1;2;3]","Sim","int","True","['REGRA_CONDICAO_COMPATIVEL']","['1', '2', '3']",""
"K115","4","PER_EVT","Percentual da empresa participante envolvida na operação","N","008","","Sim","float","True","['REGRA_PERC_MENOR_IGUAL_100']","","004"
"K200","2","COD_NAT","Código da natureza da conta/grupo de contas, conforme tabela publicada pelo Sped.","C","002","","Sim","char","True","['REGRA_TABELA_NATUREZA']","",""
"K200","3","IND_CTA","Indicador do tipo de conta: S - Sintética (grupo de contas); A - Analítica (conta).","C","001","[S;A]","Sim","char","True","","['S', 'A']",""
"K200","4","NIVEL","Nível da conta","N","","","Sim","int","True","['REGRA_MAIOR_QUE_UM', 'REGRA_ANALITICA_NIVEL_2']","",""
"K200","5","COD_CTA","Código da conta","C","","","Sim","char","True","","",""
"K200","6","COD_CTA_SUP","Código da conta superior","C","","","Não","char","False","['REGRA_COD_CTA_SUP_OBRIGATORIO', 'REGRA_CONTA_SUPERIOR_NAO_SE_APLICA', 'REGRA_CTA_CONSOLIDADA_DE_NIVEL_SUPERIOR_INVALIDA']","",""
"K200","7","CTA","Nome da conta","C","","","Sim","char","True","","",""
"K210","2","COD_EMP","Código de identificação da empresa participante","N","004","","Sim","int","True","['REGRA_EXISTE_EMP_COD_K100']","",""
"K210","3","COD_CTA_EMP","Código da conta da empresa participante","C","","","Sim","char","True","","",""
"K300","2","COD_CTA","Código da conta consolidada","C","","","Sim","char","True","['REGRA_EXISTE_K200_ANALITICA']","",""
"K300","3","VAL_AG","Valor absoluto aglutinado","N","019","","Sim","float","True","","","02"
"K300","4","IND_VAL_AG","Indicador da situação do valor aglutinado: D – Devedor C – Credor","C","001","[D;C]","Sim","char","True","","['D', 'C']",""
"K300","5","VAL_EL","Valor absoluto das eliminações","N","019","","Sim","float","True","['REGRA_SOMATORIO_VALOR_ELIMINACOES']","","02"
"K300","6","IND_VAL_EL","Indicador da situação do valor eliminado: D – Devedor C – Credor","C","001","[D;C]","Sim","char","True","","['D', 'C']",""
"K300","7","VAL_CS","Valor absoluto consolidado: VAL_CS = VAL_AG – VAL_EL","N","019","","Sim","float","True","['REGRA_CALCULO_VALOR_CONSOLIDADO']","","02"
"K300","8","IND_VAL_CS","Indicador da situação do valor consolidado: D – Devedor C – Credor","C","001","[D;C]","Sim","char","True","","['D', 'C']",""
"K310","2","EMP_COD_PARTE","Código da empresa detentora do valor aglutinado que foi eliminado","N","004","","Sim","int","True","['REGRA_EXISTE_EMP_COD_K100']","",""
"K310","3","VALOR","Parcela do valor eliminado total","N","019","","Sim","float","True","['REGRA_SOMATORIO_VALOR_CONTRAPARTIDA']","","02"
"K310","4","IND_VALOR","Indicador da situação do valor eliminado: D – Devedor C – Credor","C","001","[D;C]","Sim","char","True","","['D', 'C']",""
"K315","2","EMP_COD_CONTRA","Código da empresa da contrapartida","N","004","","Sim","int","True","['REGRA_EXISTE_EMP_COD_K100', 'REGRA_EMP_COD_CONTRA_DIFERENTE_EMP_COD_PARTE']","",""
"K315","3","COD_CONTRA","Código da conta consolidada da contrapartida","C","","","Sim","char","True","['REGRA_COD_CTA_DIFERENTE_COD_CONTRA', 'REGRA_EXISTE_COD_CTA_K300']","",""
"K315","4","VALOR","Parcela da contrapartida do valor eliminado total","N","019","","Sim","float","True","['REGRA_MAIOR_QUE_ZERO', 'REGRA_SOMATORIO_VALOR_CONTRAPARTIDA']","","02"
"K315","5","IND_VALOR","Indicador da situação do valor eliminado: D – Devedor C – Credor","C","001","[D;C]","Sim","char","True","","['D', 'C']",""
"K990","2","QTD_LIN_K","Quantidade total de linhas do Bloco K.","N","","","Sim","int","True","['REGRA_QRD_LIN_BLOCOK']","",""
"9001","2","IND_DAD","Indicador de movimento: 0- Bloco com dados informados; 1- Bloco sem dados informados.","N","001","[0,1]","Sim","int","True","","['0', '1']",""
"9900","2","REG_BLC","Registro que será totalizado no próximo campo.","C","4","Somente tipos de registro previstos para a escrituração contábil digital","Sim","char","True","","",""
"9900","3","QTD_REG_BLC","Total de registros do tipo informado no campo anterior.","N","","","Sim","int","True","['REGRA_QTD_REG_BLC']","",""
"9990","2","QTD_LIN_9","Quantidade total de linhas do Bloco 9.","N","","","Sim","int","True","['REGRA_QRD_LIN_BLOCO9']","",""
"9999","2","QTD_LIN","Quantidade total de linhas do arquivo digital.","N","","","Sim","int","True","['REGRA_QTD_LIN_ARQUIVO']","",""
