"Register","Page","Nº","Campo","Descrição","Tipo","Tamanho","Decimal","Valores Válidos","Obrigatório","Regras de Validação do Campo"
"0000","49","01","REG","Texto fixo contendo “0000”.","C","004","-","“0000”","Sim","-"
"0000","49","02","LECD","Texto fixo contendo “LECD”.","C","004","-","“LECD”","Sim","-"
"0000","49","03","DT_INI","Data inicial das informações contidas no arquivo.","N","008","-","-","Sim","[ [REGRA_DATA_INI_ MAIOR] REGRA_INICIO_ PERIODO]"
"0000","49","04","DT_FIN","Data final das informações contidas no arquivo.","N","008","-","-","Sim","[REGRA_FIM_ PERIODO]"
"0000","49","05","NOME","Nome empresarial da pessoa jurídica.","C","-","-","-","Sim","-"
"0000","49","06","CNPJ","Número de inscrição da pessoa jurídica no CNPJ. Observação: Esse CNPJ é sempre da Sócia Ostensiva, no caso do arquivo da SCP.","N","014","-","-","Sim","[REGRA_VALIDA_ CNPJ]"
"0000","49","07","UF","Sigla da unidade da federação da pessoa jurídica.","C","002","-","-","Sim","[REGRA_TABELA_UF]"
"0000","49","08","IE","Inscrição Estadual da pessoa jurídica.","C","-","-","-","Não","[REGRA_CAMPO_ CARACTERE_ INVALIDO]"
"0000","49","09","COD_MUN","Código do município do domicílio fiscal da pessoa jurídica, conforme tabela do IBGE – Instituto Brasileiro de Geografia e Estatística.","N","007","-","-","Não","[ [REGRA_TABELA_ MUNICIPIO] REGRA_COD_ MUN_INV_UF]"
"0000","49","10","IM","Inscrição Municipal da pessoa jurídica.","C","-","-","-","Não","[REGRA_CAMPO_ CARACTERE_ INVALIDO]"
"0000","50","11","IND_SIT_ESP","Indicador de situação especial (conforme tabela publicada pelo Sped).","N","1","-","-","Não","[REGRA_TABELA_ SITUACAO]"
"0000","50","12","IND_SIT_INI _PER","Indicador de situação no início do período (conforme tabela publicada pelo Sped).","N","1","-","-","Sim","[REGRA_TABELA_ SIT_INICIO_PER]"
"0000","50","13","IND_NIRE","Indicador de existência de NIRE: 0 – Empresa não possui registro na Junta Comercial (não possui NIRE) 1 – Empresa possui registro na Junta Comercial (possui NIRE)","N","1","-","[0,1]","Sim","-"
"0000","50","14","IND_FIN_ESC","Indicador de finalidade da escrituração: 0 - Original 1 – Substituta","N","1","-","[0,1]","Sim",""
"0000","50","15","COD_HASH_ SUB","Hash da escrituração substituída.","C","40","-","-","Não","[ [REGRA_HASH_ SUBSTITUIDA] REGRA_VALIDA_ HEXADECIMAL]"
"0000","50","16","IND_GRANDE_PORTE","Indicador de entidade sujeita a auditoria independente: 0 – Empresa não é entidade sujeita a auditoria independente. 1 – Empresa é entidade sujeita a auditoria independente – Ativo Total superior a R$ 240.000.000,00 ou Receita Bruta Anual superior R$300.000.000,00.","N","001","-","[0; 1]","Sim","-"
"0000","50","17","TIP_ECD","Indicador do tipo de ECD: 0 – ECD de empresa não participante de SCP como sócio ostensivo. 1 – ECD de empresa participante de SCP como sócio ostensivo. 2 – ECD da SCP.","N","001","-","[0; 1; 2]","Sim",""
"0000","50","18","COD_SCP","CNPJ da SCP (Art. 4º, XVII, da IN RFB nº 1.634, de 6 de maio de 2016).","N","014","-","","Não","[ [REGRA_SCP_ OBRIGATORIO] REGRA_SCP_NAO_"
"0000","51","19","IDENT_MF","Identificação de moeda funcional: Indica que a escrituração abrange valores com base na moeda funcional (art. 287 da Instrução Normativa RFB nº 1.700, de 14 de março de 2017). Observação: Deverá ser utilizado o registro I020 para informação de campos adicionais, conforme instruções do item 1.24.","C","001","-","[S; N]","Sim","-"
"0000","51","20","IND_ESC_CONS","Escriturações Contábeis Consolidadas: (Deve ser preenchido pela empresa controladora obrigada a informar demonstrações contábeis consolidadas, nos termos da Lei nº 6.404/76 e/ou do Pronunciamento Técnico CPC 36 – Demonstrações Consolidadas) S – Sim N – Não","C","001","-","[S; N]","Sim","[REGRA_CONGLOME RADO_MES_12]"
"0001","59","01","REG","Texto fixo contendo “0001”.","C","004","-","“0001”","Sim","-"
"0001","59","02","IND_DAD","Indicador de movimento: 0- Bloco com dados informados; 1- Bloco sem dados informados.","N","001","-","[0,1]","Sim","-"
"0007","60","01","REG","Texto fixo contendo “0007”.","C","004","-","“0007”","Sim","-"
"0007","60","02","COD_ENT _REF","Código da instituição responsável pela administração do cadastro (conforme tabela publicada pelo Sped).","C","-","-","-","Sim","[REGRA_TABELA_ INSTITUICOES_CADASTRO]"
"0007","60","03","COD_INSCR","Código cadastral da pessoa jurídica na instituição identificada no campo 02.","C","-","-","-","Não","[REGRA_VALIDA_ INSCRICAO]"
"0020","62","01","REG","Texto fixo contendo “0020”.","C","004","-","""0020""","Sim","-"
"0020","62","02","IND_DEC","Indicador de descentralização: 0 – Escrituração da matriz. 1 – Escrituração da filial.","N","001","-","[0,1]","Sim","[REGRA_CONGLOMERA DO_NA_MATRIZ]"
"0020","62","03","CNPJ","Número de inscrição da pessoa jurídica no CNPJ da matriz ou da filial.","N","014","-","-","Sim","[ [ [ [REGRA_VALIDA_CNPJ] REGRA_VERIFICA_CNPJ_ REG_0000_REG_0020] REGRA_REGISTRO_ DUPLICADO] REGRA_DUPLICIDADE_ CNPJ_REG_0000_REG_ 0020]"
"0020","62","04","UF","Sigla da unidade da federação da matriz ou da filial.","C","002","-","-","Sim","[REGRA_TABELA_UF]"
"0020","62","05","IE","Inscrição estadual da matriz ou da filial.","C","-","-","-","Não","[REGRA_CAMPO_ CARACTERE_INVALIDO]"
"0020","62","06","COD_MUN","Código do município do domicílio da matriz ou da filial.","N","007","-","-","Não","[REGRA_TABELA_ MUNICIPIO]"
"0020","62","07","IM","Número de Inscrição Municipal da matriz ou da filial.","C","-","-","-","Não","[REGRA_CAMPO_ CARACTERE_INVALIDO]"
"0020","62","08","NIRE","Número de Identificação do Registro de Empresas da matriz ou da filial na Junta Comercial.","N","11","-","-","Não","[REGRA_VALIDA_NIRE]"
"0035","65","1","REG","Texto fixo contendo “0035”.","C","004","-","[0035]","Sim","-"
"0035","65","2","COD_SCP","CNPJ da SCP (Art. 4º, XVII, da Instrução Normativa RFB nº 1.634, de 6 de maio de 2016).","C","014","-","-","Sim","[REGRA_CNPJ_ DIFERENTE_SCP]"
"0035","65","3","NOME_SCP","Nome da SCP","C","-","-","-","Não","-"
"0150","66","01","REG","Texto fixo contendo “0150”.","C","004","-","""0150""","Sim","-"
"0150","66","02","COD_PART","Código de identificação do participante no arquivo criado pela própria pessoa jurídica.","C","-","-","-","Sim","[REGRA_REGISTRO_ DUPLICADO]"
"0150","66","03","NOME","Nome pessoal ou empresarial do participante.","C","-","-","-","Sim","-"
"0150","66","04","COD_PAIS","Código do país do participante, conforme a tabela do Banco Central do Brasil.","N","005","-","-","Sim","[REGRA_TABELA_PAIS]"
"0150","66","05","CNPJ","CNPJ do participante.","N","014","-","-","Não","[REGRA_VALIDA_CNPJ]"
"0150","66","06","CPF","CPF do participante.","N","011","-","-","Não","[REGRA_VALIDA_CPF]"
"0150","66","07","NIT","Número de Identificação do Trabalhador, Pis, Pasep, SUS.","N","011","-","-","Não","-"
"0150","66","08","UF","Sigla da unidade da federação do participante.","C","002","-","-","Não","[ [REGRA_TABELA_UF] REGRA_CAMPO_NAO_ OBRIGATORIO_PAIS_ BRASIL]"
"0150","66","09","IE","Inscrição Estadual do participante.","C","-","-","-","Não","[REGRA_CAMPO_ CARACTERE_INVALIDO]"
"0150","66","10","IE_ST","Inscrição Estadual do participante na unidade da federação do destinatário, na condição de contribuinte substituto.","C","-","-","-","Não","[REGRA_CAMPO_ CARACTERE_INVALIDO]"
"0150","66","11","COD_MUN","Código do município, conforme a tabela do IBGE.","N","007","-","-","Não","[ [REGRA_TABELA_ MUNICIPIO] REGRA_CAMPO_NAO_ OBRIGATORIO_PAIS_ BRASIL]"
"0150","66","12","IM","Inscrição Municipal do participante.","C","-","-","-","Não","[REGRA_CAMPO_ CARACTERE_INVALIDO]"
"0150","67","13","SUFRAMA","Número de inscrição do participante na Suframa.","C","009","-","-","Não","[REGRA_CAMPO_ CARACTERE_INVALIDO]"
"0180","69","01","REG","Texto fixo contendo “0180”.","C","004","-","""0180""","Sim","-"
"0180","69","02","COD_REL","Código do relacionamento conforme tabela publicada pelo Sped.","N","002","-","-","Sim","[REGRA_TABELA_ RELACIONAMENTO]"
"0180","69","03","DT_INI_REL","Data do início do relacionamento.","N","008","-","-","Sim","[REGRA_DT_INI_MAIOR_ DT_FIN_REL]"
"0180","69","04","DT_FIN_REL","Data do término do relacionamento.","N","008","-","-","Não","-"
"0990","71","01","REG","Texto fixo contendo “0990”.","C","004","-","""0990""","Sim","-"
"0990","71","02","QTD_LIN_0","Quantidade total de linhas do Bloco 0.","N","-","-","-","Sim","[REGRA_QTD_LIN_ BLOCO_0]"
"I001","72","01","REG","Texto fixo contendo “I001”.","C","004","-","“I001”","Sim","-"
"I001","72","02","IND_DAD","Indicador de movimento: 0- Bloco com dados informados; 1- Bloco sem dados informados.","N","001","-","[0,1]","Sim","-"
"I010","73","01","REG","Texto fixo contendo “I010”.","C","004","-","""I010""","Sim","-"
"I010","73","02","IND_ESC","G R A B Z Indicador da forma de escrituração contábil: - Livro Diário (Completo sem escrituração auxiliar). - Livro Diário com Escrituração Resumida (com escrituração auxiliar). - Livro Diário Auxiliar ao Diário com Escrituração Resumida. - Livro Balancetes Diários e Balanços. – Razão Auxiliar (Livro Contábil Auxiliar conforme leiaute definido nos registros I500 a I555).","C","001","-","[“G”,”R”, ”A”,”B”, ”Z”]","Sim","-"
"I010","73","03","COD_VER_LC","Código da Versão do Leiaute Contábil. (Preencher com 7.00)","C","-","-","[7.00]","Sim","[REGRA_VERSAO_LC]"
"I012","75","01","REG","Texto fixo contendo “I012”.","C","004","-","""I012""","Sim","-"
"I012","75","02","NUM_ORD","Número de ordem do instrumento associado.","N","-","-","-","Sim","[REGRA_MAIOR_QUE_ZERO]"
"I012","75","03","NAT_LIVR","Natureza do livro associado; finalidade a que se destina o instrumento.","C","80","-","-","Sim","-"
"I012","75","04","TIPO","Tipo de escrituração do livro associado: 0 – digital (incluído no Sped). 1 – outros.","N","001","","[0,1]","Sim","[REGRA_VALIDA_TIPO_LIVRO _AUXILIAR]"
"I012","75","05","COD_HASH _AUX","Código Hash do arquivo correspondente ao livro auxiliar utilizado na assinatura digital.","C","40","-","-","Não","[ [REGRA_CAMPO_COD_HASH_ AUX_OBRIGATORIO] REGRA_VALIDA_ HEXADECIMAL]"
"I015","78","01","REG","Texto fixo contendo “I015”.","C","004","-","""I015""","Sim","-"
"I015","78","02","COD_CTA_RES","Código da(s) conta(s) analítica(s) do Livro Diário com Escrituração Resumida (R) que recebe os lançamentos globais (deve corresponder a uma conta sintética no livro auxiliar).","C","-","-","-","Sim","[ [REGRA_VALIDA_CONTA_ RESUMIDA_AUXILIAR] REGRA_VALIDA_CONTA_ AUXILIAR_RESUMIDA]"
"I020","80","01","REG","Texto fixo contendo “I020”.","C","004","-","""I020""","Sim","-"
"I020","80","02","REG_COD","Código do registro que recepciona o campo adicional.","C","004","-","[do “I050” ao “I355”]","Sim","[REGRA_REG_COD_NUM _AD_DUPLICADO]"
"I020","80","03","NUM_AD","Número sequencial do campo adicional.","N","-","-","-","Sim","-"
"I020","80","04","CAMPO","Nome do campo adicional.","C","-","-","-","Sim","-"
"I020","80","05","DESCRIÇÃO","Descrição do campo adicional.","C","-","-","-","Não","-"
"I020","80","06","TIPO","Indicação do tipo de dado (N: numérico; C: caractere).","C","-","-","[“N”,”C”]","Sim","-"
"I020","81","07","IND_DC_INI_MF","Indicador da situação do saldo inicial em moeda funcional: D - Devedor; C - Credor.","C","001","-","[“D”,”C”]","",""
"I030","83","01","REG","Texto fixo contendo “I030”.","C","004","-","“I030”","Sim","-"
"I030","83","02","DNRC_ABERT","Texto fixo contendo “TERMO DE ABERTURA”.","C","017","-","“TERMO DE ABERTURA”","Sim","-"
"I030","83","03","NUM_ORD","Número de ordem do instrumento de escrituração.","N","-","-","-","Sim","[REGRA_MAIOR_QUE_ ZERO]"
"I030","83","04","NAT_LIVR","Natureza do livro; finalidade a que se destina o instrumento.","C","80","-","-","Sim","[ [REGRA_VALIDA_IDENT_ MF_LIVRO_RAS] REGRA_VALIDA_CONTEU DO_NAT_LIVR]"
"I030","83","05","QTD_LIN","Quantidade total de linhas do arquivo digital.","N","","","","Sim","[REGRA_IGUAL_QTD _LIN_REG9999]"
"I030","83","06","NOME","Nome empresarial.","C","-","-","-","Sim","[REGRA_IGUAL_NOME_ REG0000]"
"I030","83","07","NIRE","Número de Identificação do Registro de Empresas da Junta Comercial.","N","011","-","-","Não","[ [ [REGRA_VALIDA_NIRE] REGRA_NIRE_UF] REGRA_CAMPO_ OBRIGATORIO_NIRE]"
"I030","83","08","CNPJ","Número de inscrição no CNPJ.","N","014","-","-","Sim","[REGRA_IGUAL_CNPJ_ REG0000]"
"I030","83","09","DT_ARQ","Data do arquivamento dos atos constitutivos.","N","008","-","-","Não","[REGRA_DATA_INI_ MAIOR_ADV]"
"I030","83","10","DT_ARQ_CONV","Data de arquivamento do ato de conversão de sociedade simples em sociedade empresária.","N","008","-","-","Não","[ [REGRA_DATA_INI_ MAIOR] REGRA_PREENCHE_ DATA_I030]"
"I030","83","11","DESC_MUN","Município.","C","-","-","-","Não","-"
"I030","83","12","DT_EX_SOCIAL","Data de encerramento do exercício social.","N","008","-","-","Sim","[REGRA_OBRIGATORIA_ DT_EX_SOCIAL]"
"I050","87","01","REG","Texto fixo contendo “I050”.","C","004","-","""I050""","Sim","-"
"I050","87","02","DT_ALT","Data da inclusão/alteração.","N","008","-","-","Sim","[REGRA_ANO_ALT_MAIOR_ ANO_FIN]"
"I050","87","03","COD_NAT","Código da natureza da conta/grupo de contas, conforme tabela publicada pelo Sped.","C","002","-","","Sim","[REGRA_TABELA_ NATUREZA]"
"I050","87","04","IND_CTA","Indicador do tipo de conta: S - Sintética (grupo de contas) A - Analítica (conta)","C","001","-","[“S”,”A”]","Sim","-"
"I050","87","05","NIVEL","Nível da conta analítica/grupo de contas.","N","-","-","-","Sim","[ [REGRA_MAIOR_QUE _UM] REGRA_VALIDA_NIVEL _CONTAS]"
"I050","87","06","COD_CTA","Código da conta analítica/grupo de contas.","C","-","-","-","Sim","[REGRA_COD_CTA_ IGUAL_COD_CTA_SUP]"
"I050","88","07","COD_CTA_SUP","Código da conta sintética /grupo de contas de nível imediatamente superior.","C","-","-","-","Não","[ [ [REGRA_COD_CTA _SUP_OBRIGATORIO] REGRA_CTA_DE_NIVEL_ SUPERIOR_INVALIDA] REGRA_CONTA_SUPERIOR_ NAO_SE_APLICA]"
"I050","88","08","CTA","Nome da conta analítica/grupo de contas.","C","-","-","-","Sim","-"
"I051","92","01","REG","Texto fixo contendo “I051”.","C","004","-","“I051”","Sim","-"
"I051","92","02","COD_PLAN_REF","Código da instituição responsável pela manutenção do plano de contas referencial, conforme tabela publicada pelo Sped.","C","001","-","-","Sim","[REGRA_TABELA_ ENTIDADES]"
"I051","92","03","COD_CCUS","Código do centro de custo.","C","-","-","-","Não","[REGRA_CCUS_NO_ CENTRO_CUSTOS_N3]"
"I051","92","04","COD_CTA_REF","Código da conta de acordo com o plano de contas referencial, conforme tabela publicada pelos órgãos indicados no campo 02- COD_PLAN_REF.","C","-","-","-","Sim","[ [REGRA_VALIDADE_ COD_CTA_PAD] REGRA_NAO_EXISTE_ COD_CTA_PAD]"
"I052","95","01","REG","Texto fixo contendo “I052”.","C","004","-","“I052”","Sim","-"
"I052","95","02","COD_CCUS","Código do centro de custo.","C","-","-","-","Não","[REGRA_CCUS_NO_ CENTRO_CUSTOS_N3]"
"I052","95","03","COD_AGL","Código de aglutinação utilizado nas demonstrações contábeis do bloco J (Somente para as contas analíticas).","C","-","-","-","Sim","-"
"I053","97","1","REG","Texto fixo contendo “I053”.","C","004","-","“I053”","Sim",""
"I053","97","2","COD_IDT","Código de identificação do grupo de conta- subconta(s)","C","006","-","-","Sim","[REGRA_ COD_IDT_ UNICO_POR_CONTA]"
"I053","97","3","COD_CNT_CORR","Código da subconta correlata (deve estar no plano de contas e só pode estar relacionada a um único grupo)","C","-","-","-","Sim","[REGRA_SUBCONTA_ NO_PLANO_CONTAS]"
"I053","97","4","NAT_SUB_CNT","Natureza da subconta correlata (conforme tabela de natureza da subconta publicada no Sped )","C","002","-","-","Sm","[REGRA_NAT_090_UNICA_ POR_CONTA]"
"I075","100","01","REG","Texto fixo contendo “I075”.","C","004","-","""I075""","Sim","-"
"I075","100","02","COD_HIST","Código do histórico padronizado.","C","-","-","-","Sim","[REGRA_REGISTRO_ DUPLICADO]"
"I075","100","03","DESCR_HIST","Descrição do histórico padronizado.","C","-","-","-","Sim","-"
"I100","101","01","REG","Texto fixo contendo “I100”.","C","004","-","""I100""","Sim","-"
"I100","101","02","DT_ALT","Data da inclusão/alteração.","N","008","-","-","Sim","[REGRA_DT_ALT_DATA_ MAIOR]"
"I100","101","03","COD_CCUS","Código do centro de custos.","C","-","-","-","Sim","-"
"I100","101","04","CCUS","Nome do centro de custos.","C","-","-","-","Sim","-"
"I150","102","01","REG","Texto fixo contendo “I150”.","C","004","-","""I150""","Sim","-"
"I150","102","02","DT_INI","Data de início do período.","N","008","-","-","Sim","[ [ [REGRA_DATA_INTERVALO_ DO_ARQUIVO] REGRA_DT_INI_MAIOR_ DT_FIN] REGRA_DT_INI_INICIO_MES]"
"I150","102","03","DT_FIN","Data de fim do período.","N","008","-","-","Sim","[ [REGRA_DATA_INTERVALO_ DO_ARQUIVO] REGRA_DT_FIN_FIM_MES]"
"I151","104","01","REG","Texto fixo contendo “I151”.","C","004","-","""I151""","Sim","-"
"I151","104","02","ASSIN_DIG","Hash das fichas de lançamento.","C","-","-","-","Sim","-"
"I155","105","01","REG","Texto fixo contendo “I155”.","C","004","-","""I155""","Sim","-"
"I155","105","02","COD_CTA","Código da conta analítica.","C","-","-","-","Sim","[REGRA_CONTA_PARA_ LANCAMENTO]"
"I155","105","03","COD_CCUS","Código do centro de custos.","C","-","-","-","Não","[REGRA_CCUS_NO_ CENTRO_CUSTOS]"
"I155","105","04","VL_SLD_INI","Valor do saldo inicial do período.","N","019","02","-","Sim","-"
"I155","105","05","IND_DC_INI","Indicador da situação do saldo inicial: D - Devedor; C - Credor.","C","001","-","[“D”,”C”]","Não","[REGRA_IND_DC_ INI_OBRIGATORIO]"
"I155","105","06","VL_DEB","Valor total dos débitos do período.","N","019","02","-","Sim","-"
"I155","105","07","VL_CRED","Valor total dos créditos do período.","N","019","02","-","Sim","-"
"I155","105","08","VL_SLD_FIN","Valor do saldo final do período.","N","019","02","-","Sim","-"
"I155","106","09","IND_DC_FIN","Indicador da situação do saldo final: D - Devedor; C - Credor.","C","001","-","[“D”,”C”]","Não","[REGRA_IND_DC_ FIN_OBRIGATORIO]"
"I155","106","10","VL_SLD_INI_MF","Valor do saldo inicial do período em moeda funcional, convertido para reais.","N","019","02","-","",""
"I155","106","11","IND_DC_INI_MF","Indicador da situação do saldo inicial em moeda funcional: D - Devedor; C - Credor.","C","001","-","[“D”,”C”]","",""
"I155","106","12","VL_DEB_MF","Valor total dos débitos do período em moeda funcional, convertido para reais.","N","019","02","-","",""
"I155","106","13","VL_CRED_MF","Valor total dos créditos do período em moeda funcional, convertido para reais.","N","019","02","-","",""
"I155","107","14","VL_SLD_FIN_MF","Valor do saldo final do período em moeda funcional, convertido para reais.","N","019","02","-","",""
"I155","107","15","IND_DC_FIN_MF","Indicador da situação do saldo final em moeda funcional: D - Devedor; C - Credor.","C","001","-","[“D”,”C”]","",""
"I157","111","01","REG","Texto fixo contendo “I157”.","C","004","-","""I157""","Sim","-"
"I157","111","02","COD_CTA","Código da conta analítica do plano de contas anterior.","C","-","-","-","Sim",""
"I157","111","03","COD_CCUS","Código do centro de custos do plano de contas anterior.","C","-","-","-","Não",""
"I157","111","04","VL_SLD_INI","Valor do saldo inicial do período.","N","019","02","-","Sim","-"
"I157","111","05","IND_DC_INI","Indicador da situação do saldo inicial: D - Devedor; C - Credor.","C","001","-","[“D”,”C”]","Não","[REGRA_IND_DC_ INI_OBRIGATORIO]"
"I157","111","06","VL_SLD_INI_MF","Valor do saldo inicial do período em moeda funcional, convertido para reais.","N","019","02","-","",""
"I157","111","07","IND_DC_INI_MF","Indicador da situação do saldo inicial em moeda funcional: D - Devedor; C - Credor.","C","001","-","[“D”,”C”]","",""
"I200","113","01","REG","Texto fixo contendo “I200”.","C","004","-","“I200”","Sim","-"
"I200","113","02","NUM_LCTO","Número ou Código de identificação único do lançamento contábil.","C","-","-","-","Sim","[REGRA_REGISTRO_ DUPLICADO]"
"I200","113","03","DT_LCTO","Data do lançamento.","N","008","-","-","Sim","[ [REGRA_DATA_INTERVALO_ DO_ARQUIVO] REGRA_DATA_ANTIGA]"
"I200","113","04","VL_LCTO","Valor do lançamento.","N","019","02","-","Sim","[ [ [REGRA_VALIDACAO_VL_ LCTO_DEB] REGRA_VALIDACAO_VL_ LCTO_CRED] REGRA_VALIDACAO_VL_ LCTO_ESC_AUXILIAR]"
"I200","113","05","IND_LCTO","Indicador do tipo de lançamento: N - Lançamento normal (todos os lançamentos, exceto os de encerramento das contas de resultado); E - Lançamento de encerramento de contas de resultado. X – Lançamento extemporâneo.","C","001","-","[“N”, “E”]","Sim","-"
"I200","113","06","DT_LCTO_EXT","Data de ocorrência dos fatos objeto do","N","008","-","-","Não","[REGRA_DT_LCTO_EXT_ OBRIGATORIA]"
"I200","114","07","VL_LCTO_MF","Valor do lançamento em moeda funcional, convertido para reais.","N","019","02","-","",""
"I250","117","01","REG","Texto fixo contendo “I250”.","C","004","-","“I250”","Sim","-"
"I250","117","02","COD_CTA","Código da conta analítica debitada/creditada.","C","-","-","-","Sim","[ [REGRA_CONTA_PARA_ LANCAMENTO] REGRA_LANC_EXT_ CONTA_RESULTADO]"
"I250","117","03","COD_CCUS","Código do centro de custos.","C","-","-","-","Não","[REGRA_CCUS_NO_ CENTRO_CUSTOS]"
"I250","117","04","VL_DC","Valor da partida.","N","019","02","-","Sim","-"
"I250","117","05","IND_DC","Indicador da natureza da partida: D - Débito; C - Crédito.","C","001","-","[“D”,”C”]","Sim","-"
"I250","117","06","NUM_ARQ","Número, Código ou caminho de localização dos documentos arquivados.","C","-","-","-","Não","-"
"I250","118","07","COD_HIST_PAD","Código do histórico padronizado, conforme tabela I075.","C","-","-","-","Não","[REGRA_COD_HIS_PAD_ NO_HISTORICO_PADRAO]"
"I250","118","08","HIST","O Histórico completo da partida ou histórico complementar. bservação: Caso o lançamento seja do tipo “X” – lançamento extemporâneo - em qualquer das formas de retificação, o histórico do lançamento extemporâneo deve especificar o motivo da correção, a data e o número do lançamento de origem (item 32 do ITG 2000 (R1)).","C","65535","-","-","Não","-"
"I250","118","09","COD_PART","Código de identificação do participante na partida conforme tabela 0150 (preencher somente quando identificado o tipo de participação no registro 0180).","C","-","-","-","Não","[REGRA_CODIGO_ PARTICIPANTE]"
"I250","119","10","VL_DC_MF","Valor da partida em moeda funcional, convertido para reais.","N","019","02","-","",""
"I250","119","11","IND_DC_MF","Indicador da natureza da partida em moeda funcional: D - Débito; C - Crédito.","C","001","-","[“D”,”C”]","",""
"I300","122","01","REG","Texto fixo contendo “I300”.","C","4","-","""I300""","Sim","-"
"I300","122","02","DT_BCTE","Data do balancete.","N","8","-","-","Sim","[REGRA_DATA_INTERVALO_ DO_ARQUIVO]"
"I310","123","01","REG","Texto fixo contendo “I310”.","C","4","-","""I310""","Sim","-"
"I310","123","02","COD_CTA","Código da conta analítica debitada/creditada.","C","-","-","-","Sim","[REGRA_CONTA_PARA_ LANCAMENTO]"
"I310","123","03","COD_CCUS","Código do centro de custos.","C","-","-","-","Não","[REGRA_CCUS_NO_ CENTRO_CUSTOS]"
"I310","123","04","VAL_DEBD","Total dos débitos do dia.","N","019","02","-","Sim","-"
"I310","123","05","VAL_CREDD","Total dos créditos do dia.","N","019","02","-","Sim","-"
"I310","123","06","VAL_DEB_MF","Total dos débitos do dia em moeda funcional, convertido para reais.","N","019","02","-","",""
"I310","123","07","VAL_CRED_MF","Total dos créditos do dia em moeda funcional, convertido para reais.","N","019","02","-","",""
"I350","125","01","REG","Texto fixo contendo “I350”.","C","004","-","""I350""","Sim","-"
"I350","125","02","DT_RES","Data da apuração do resultado.","N","008","-","-","Sim","[REGRA_DATA_ INTERVALO_DO_ARQUIVO]"
"I355","127","01","REG","Texto fixo contendo “I355”.","C","004","-","""I355""","Sim","-"
"I355","127","02","COD_CTA","Código da conta analítica de resultado.","C","-","-","-","Sim","[ [REGRA_CONTA_ RESULTADO] REGRA_CONTA_PARA_ LANCAMENTO]"
"I355","127","03","COD_CCUS","Código do centro de custos.","C","-","-","-","Não","[REGRA_CCUS_NO_ CENTRO_CUSTOS]"
"I355","127","04","VL_CTA","Valor do saldo final antes do lançamento de encerramento.","N","019","02","-","Sim","-"
"I355","127","05","IND_DC","Indicador da situação do saldo final: D - Devedor; C - Credor.","C","001","-","[“D”,”C”]","Sim","-"
"I355","128","06","VL_CTA_MF","Valor do saldo final antes do lançamento de encerramento em moeda funcional, convertido para reais.","N","019","02","-","",""
"I355","128","07","IND_DC_MF","Indicador da situação do saldo final em moeda funcional: D - Devedor; C - Credor.","C","001","-","[“D”,”C”]","",""
"I500","130","01","REG","Texto fixo contendo “I500”.","C","004","-","""I500""","Sim","-"
"I500","130","02","TAM_FONTE","Tamanho da fonte.","N","002","-","-","Sim","[REGRA_TAM_FONTE]"
"I510","131","01","REG","Texto fixo contendo “I510”.","C","004","-","""I510""","Sim","-"
"I510","131","02","NM_CAMPO","Nome do campo, sem espaços em branco ou caractere especial.","C","016","-","-","Sim","-"
"I510","131","03","DESC_CAMPO","Descrição do campo (utilizada na visualização do Livro Auxiliar)","C","050","-","-","Sim","-"
"I510","131","04","TIPO_CAMPO","Tipo do campo: “N” – Numérico; “C” – Caractere.","C","001","-","[N, C]","Sim","-"
"I510","131","05","TAM_CAMPO","Tamanho do campo.","N","003","-","-","Sim","-"
"I510","131","06","DEC_CAMPO","Quantidade de casas decimais para campos tipo “N”.","N","002","-","-","Não","-"
"I510","131","07","COL_CAMPO","Largura da coluna no relatório (em quantidade de caracteres).","N","003","-","-","Sim",""
"I550","133","01","REG","Texto fixo contendo “I550”.","C","004","-","""I550""","Sim","-"
"I555","136","01","REG","Texto fixo contendo “I555”.","C","004","-","""I555""","Sim","-"
"I990","138","01","REG","Texto fixo contendo “I990”.","C","004","-","""I990""","Sim","-"
"I990","138","02","QTD_LIN_I","Quantidade total de linhas do Bloco I.","N","-","-","-","Sim","[REGRA_QTD_LIN_BLOCOI]"
"J001","139","01","REG","Texto fixo contendo “J001”.","C","004","-","“J001”","Sim","-"
"J001","139","02","IND_DAD","Indicador de movimento: 0- Bloco com dados informados; 1- Bloco sem dados informados.","N","001","-","[0,1]","Sim","-"
"J005","140","01","REG","Texto fixo contendo “J005”.","C","004","-","“J005”","Sim","-"
"J005","140","02","DT_INI","Data inicial das demonstrações contábeis.","N","008","-","-","Sim","[ [ [REGRA_DATA_INI_ MAIOR] REGRA_DT_INI_MAIOR_ DT_FIN] REGRA_DATA_ANTIGA]"
"J005","140","03","DT_FIN","Data final das demonstrações contábeis.","N","008","-","-","Sim","[ [REGRA_DATA_INI_ MAIOR] REGRA_DATA_ANTIGA]"
"J005","140","04","ID_DEM","Identificação das demonstrações: 1 – demonstrações contábeis da pessoa jurídica a que se refere a escrituração; 2 – demonstrações consolidadas ou de outras pessoas jurídicas.","N","001","-","[1,2]","Sim",""
"J005","140","05","CAB_DEM","Cabeçalho das demonstrações.","C","65535","-","-","Não","[REGRA_CAB_DEM_ OBRIGATORIO]"
"J100","142","01","REG","Texto fixo contendo “J100”.","C","004","-","“J100”","Sim","-"
"J100","142","02","COD_AGL","O Código de aglutinação atribuído pela pessoa jurídica. bservação: Caso o indicador de código de aglutinação seja totalizador (T), o código de aglutinação deve ser informado, mas não deve estar cadastrado no registro I052 – os códigos de aglutinação informados no registro I052 são somente para contas analíticas.","C","-","-","-","Sim","[REGRA_COD_AGL_ IGUAL_COD_AGL_ SUPERIOR]"
"J100","143","03","IND_COD_AGL","Indicador do tipo de código de aglutinação das linhas: T – Totalizador (nível que totaliza um ou mais níveis inferiores da demonstração financeira) D – Detalhe (nível mais detalhado da demonstração financeira)","C","001","-","[“T”,“D”]","Sim","-"
"J100","143","04","NIVEL_AGL","Nível do Código de aglutinação (mesmo conceito do plano de contas – Registro I050).","N","-","-","-","Sim","[ [REGRA_MAIOR_QUE _ZERO] REGRA_VALIDA_ NIVEL_AGL]"
"J100","143","05","COD_AGL_SUP","Código de aglutinação sintético/grupo de código de aglutinação de nível superior.","C","-","-","-","Não","[ [ [REGRA_COD_AGL_ SUP_OBRIGATORIO] REGRA_COD_AGL_DE _NIVEL_SUPERIOR_ INVALIDO] REGRA_COD_AGL_NAO _SE_APLICA]"
"J100","143","06","IND_GRP_BAL","Indicador de grupo do balanço: A – Ativo; P – Passivo e Patrimônio Líquido.","C","001","-","[“A”,”P”]","Sim","-"
"J100","143","07","DESCR_COD_AGL","Descrição do Código de aglutinação.","C","-","-","-","Sim","-"
"J100","143","08","VL_CTA_INI","Valor inicial do código de aglutinação no Balanço Patrimonial no exercício informado, ou de período definido em norma específica.","N","019","2","-","Sim","-"
"J100","144","09","IND_DC_CTA_INI","Indicador da situação do saldo inicial informado no campo anterior: D - Devedor; C – Credor.","C","001","-","[“D”,”C”]","Sim","-"
"J100","144","10","VL_CTA_FIN","Valor final do código de aglutinação no Balanço Patrimonial no exercício informado, ou de período definido em norma específica.","N","019","2","-","Sim","-"
"J100","144","11","IND_DC_CTA_FIN","Indicador da situação do saldo final informado no campo anterior: D - Devedor; C – Credor.","C","001","-","[“D”,”C”]","Sim","-"
"J100","144","12","NOTA_EXP_REF","Referência a numeração das notas explicativas relativas às demonstrações contábeis.","C","12","-","-","Não","-"
"J150","148","01","REG","Texto fixo contendo “J150”.","C","004","-","“J150”","Sim","-"
"J150","148","02","COD_AGL","O Código de aglutinação das linhas, atribuído pela pessoa jurídica. bservação: Caso o indicador de código de aglutinação seja totalizador (T), o código de aglutinação deve ser informado, mas não deve estar cadastrado no registro I052 – os códigos de aglutinação informados no registro I052 são somente para contas analíticas.","C","-","-","-","Não","[REGRA_COD_AGL_ IGUAL_COD_AGL_ SUPERIOR]"
"J150","149","03","IND_COD_AGL","Indicador do tipo de código de aglutinação das linhas: T – Totalizador (nível que totaliza um ou mais níveis inferiores da demonstração financeira) D – Detalhe (nível mais detalhado da demonstração financeira)","C","001","-","[“T”,“D”]","Sim","-"
"J150","149","04","NIVEL_AGL","Nível do Código de aglutinação (mesmo conceito do plano de contas – Registro I050).","N","-","-","-","Sim","[ [REGRA_MAIOR_QUE _ZERO] REGRA_VALIDA_ NIVEL_AGL]"
"J150","149","05","COD_AGL_SUP","Código de aglutinação sintético/grupo de código de aglutinação de nível superior.","C","-","-","-","Não","[ [ [REGRA_COD_AGL_ SUP_OBRIGATORIO] REGRA_COD_AGL_DE _NIVEL_SUPERIOR_ INVALIDO] REGRA_COD_AGL_NAO _SE_APLICA]"
"J150","149","06","DESCR_COD_AGL","Descrição do Código de aglutinação.","C","-","-","-","Sim","-"
"J150","149","07","VL_CTA","Valor total do Código de aglutinação na Demonstração dos Resultados no período informado.","N","019","02","-","Sim","-"
"J150","149","08","IND_DC_CTA","Indicador da situação do valor total do código de aglutinação: D – Devedor; C – Credor.","C","001","-","[“D”,“C”]","Sim","-"
"J150","150","09","IND_GRP_DRE","D R Indicador de grupo da DRE: – Linha totalizadora ou de detalhe da demonstração que, por sua natureza de despesa, represente redução do lucro. – Linha totalizadora ou de detalhe da demonstração que, por sua natureza de receita, represente incremento do lucro.","C","001","-","[“D”,”R”]","Sim","-"
"J150","150","10","NOTA_EXP_REF","Referência a numeração das notas explicativas relativas às demonstrações contábeis.","C","12","-","-","Não","-"
"J210","153","01","REG","Texto fixo contendo “J210”.","C","004","-","“J210”","Sim","-"
"J210","153","02","IND_TIP","Indicador do tipo de demonstração: 0 – DLPA – Demonstração de Lucro ou Prejuízos Acumulados 1 – DMPL – Demonstração de Mutações do Patrimônio Líquido","N","001","0","[0,1]","Sim","-"
"J210","153","03","COD_AGL","Código de aglutinação das contas analíticas do patrimônio líquido, atribuído pela empresa.","C","-","-","-","Sim","[REGRA_EXISTE_ AGLUTINACAO_ J210]"
"J210","153","04","DESCR_COD_AGL","Descrição do código de aglutinação","C","-","-","-","Sim","-"
"J210","153","05","VL_CTA_INI","Saldo inicial do código de aglutinação na demonstração do período informado.","N","019","02","-","Sim","-"
"J210","153","06","IND_DC_CTA_INI","Indicador da situação do saldo inicial informado no campo anterior: D – Devedor C – Credor","C","001","-","[“D”,”C”]","Sim","-"
"J210","154","07","VL_CTA_FIN","Saldo final do código de aglutinação na demonstração do período informado.","N","019","02","-","Sim","[REGRA_VALIDA_ TOTAL_COD_ AGLUTINACAO_ J215]"
"J210","154","08","IND_DC_CTA_FIN","Indicador da situação do saldo final informado no campo anterior: D – Devedor C – Credor","C","001","-","[“D”,”C”]","Sim","-"
"J210","154","09","NOTAS_EXP_REF","Referência à numeração das notas explicativas relativas às demonstrações contábeis.","C","12","-","-","Não","-"
"J215","156","01","REG","Texto fixo contendo “J215”.","C","004","-","“J215”","Sim","-"
"J215","156","02","COD_HIST_FAT","Código do histórico do fato contábil.","C","-","-","-","Sim","-"
"J215","156","03","DESC_FAT","Descrição do Fato Contábil","C","-","-","-","Sim","-"
"J215","156","04","VL_FAT_CONT","Valor do fato contábil.","N","019","02","-","Sim","-"
"J215","156","05","IND_DC_FAT","Indicador de situação do saldo informado no campo anterior: D – Devedor C – Credor P – Subtotal ou total positivo N – Subtotal ou total negativo","C","001","-","[“D”, “C”, “P”, “N”]","Sim","-"
"J800","157","01","REG","Texto fixo contendo “J800”.","C","004","-","""J800""","Sim","-"
"J800","157","02","TIPO_DOC","Tipo de documento: 001: Demonstração do Resultado Abrangente do Período 002: Demonstração dos Fluxos de Caixa 003: Demonstração do Valor Adicionado 010: Notas Explicativas 011: Relatório da Administração 012: Parecer dos Auditores 099: Outros","C","003","-","-","Sim","-"
"J800","157","03","DESC_RTF","Descrição do arquivo .rtf.","C","-","-","-","Não","-"
"J800","158","04","HASH_RTF","Hash do arquivo .rtf incluído. Observação: O HASH é preenchido automaticamente pelo sistema (não é editável e não pode ser alterado).","C","041","-","-","Não","[REGRA_VALIDA_ HASH_ARQUIVO]"
"J800","158","05","ARQ_RTF","Sequência de bytes que representem um único arquivo no formato RTF (Rich Text Format).","C","Não existe limite de tamanho","-","-","Sim","-"
"J800","158","06","IND_FIM_RTF","Indicador de fim do arquivo RTF. Texto fixo contendo “J800FIM”.","C","007","-","""J800FIM""","Sim","-"
"J801","159","01","REG","Texto fixo contendo “J801”.","C","004","-","""J801""","Sim","-"
"J801","159","02","TIPO_DOC","Tipo de documento:","C","003","-","-","Sim","-"
"J801","160","03","DESC_RTF","Descrição do arquivo .rtf.","C","-","-","-","Não","-"
"J801","160","04","COD_MOT_SUBS","O Código do motivo da substituição: 001 – Mudanças de saldos das contas que não podem ser realizadas por meio de lançamentos extemporâneos 002 – Alteração de assinatura 003 – Alteração de demonstrações contábeis 004 – Alteração da forma de escrituração contábil 005 – Alteração do número do livro 099 – Outros bservação: O código a ser adotado deve ser aquele cujo motivo é o preponderante na substituição da ECD.","C","010","-","[“001”; “002”; “003”; “004”; “005”; “099”]","Sim","-"
"J801","160","05","HASH_RTF","Hash do arquivo .rtf incluído. Observação: O HASH é preenchido automaticamente pelo sistema (não é editável e não pode ser alterado).","C","041","-","-","Não","[REGRA_VALIDA_ HASH_ARQUIVO]"
"J801","160","06","ARQ_RTF","Sequência de bytes que representem um único arquivo no formato RTF (Rich Text Format).","C","Não existe limite de tamanho","-","-","Sim","-"
"J801","160","07","IND_FIM_RTF","Indicador de fim do arquivo RTF. Texto fixo contendo “J801FIM”.","C","007","-","""J801FIM""","Sim","-"
"J900","162","01","REG","Texto fixo contendo “J900”.","C","004","-","“J900”","Sim","-"
"J900","162","02","DNRC_ENCER","Texto fixo contendo “TERMO DE ENCERRAMENTO”.","C","021","-","“TERMO DE ENCERRAMENTO”","Sim","-"
"J900","162","03","NUM_ORD","Número de ordem do instrumento de escrituração.","N","-","-","-","Sim","[REGRA_IGUAL_ NUM_ORD_ REGI030]"
"J900","162","04","NAT_LIVRO","Natureza do livro; finalidade a que se destinou o instrumento.","C","80","-","-","Sim","[REGRA_VALIDA _CONTEUDO_ NAT_LIVR]"
"J900","162","05","NOME","Nome empresarial.","C","(*)","-","-","Sim","[REGRA_IGUAL_ NOME_REG0000]"
"J900","162","06","QTD_LIN","Quantidade total de linhas do arquivo digital.","N","-","-","-","Sim","[REGRA_IGUAL_ QTD_LIN_ REG9999]"
"J900","162","07","DT_INI_ESCR","Data de início da escrituração.","N","008","-","-","Sim","[REGRA_IGUAL_ DT_INI_REG0000]"
"J900","162","08","DT_FIN_ESCR","Data de término da escrituração.","N","008","-","-","Sim","[REGRA_IGUAL_ DT_FIN_REG0000]"
"J930","166","01","REG","Texto fixo contendo “J930”.","C","004","-","[“J930”]","Sim",""
"J930","166","02","IDENT_NOM","Nome do signatário.","C","-","-","-","Sim",""
"J930","166","03","IDENT_CPF_CNPJ","CPF ou CNPJ","N","CPF (11) CNPJ(14)","-","-","Sim","[ [REGRA_VALIDA_CPF] REGRA_VALIDA_CNPJ]"
"J930","166","04","IDENT_QUALIF","Qualificação do assinante, conforme tabela.","C","-","-","-","Sim","[REGRA_TABELA_ ASSINANTE_DESC]"
"J930","166","05","COD_ASSIN","Código de qualificação do assinante, conforme tabela.","C","003","-","-","Sim","[REGRA_QUALIF_INV_RESP _LEGAL]"
"J930","166","06","IND_CRC","Número de inscrição do contabilista no Conselho Regional de Contabilidade.","C","-","-","-","Não","[REGRA_OBRIGATORIO_ CONTADOR]"
"J930","166","07","EMAIL","Email do signatário.","C","060","-","-","Não","[REGRA_OBRIGATORIO_ CONTADOR]"
"J930","167","08","FONE","Telefone do signatário.","C","014","-","-","Não","[REGRA_OBRIGATORIO_ CONTADOR]"
"J930","167","09","UF_CRC","Indicação da unidade da federação que expediu o CRC.","C","002","-","-","Não","[ [ [REGRA_TABELA_UF] REGRA_OBRIGATORIO_ CONTADOR] REGRA_AVISO_ASSIN_CNPJ]"
"J930","167","10","NUM_SEQ_CRC","Número da Certidão de Regularidade Profissional do Contador no seguinte formato: UF/ano/número","C","-","-","-","Não","[ [ [REGRA_VALIDA_FORMATO _SEQUENCIAL_CRC] REGRA_ADVERTENCIA_ CONTADOR] REGRA_AVISO_ASSIN_CNPJ]"
"J930","167","11","DT_CRC","Data de validade da Certidão de Regularidade Profissional do Contador","N","008","-","-","Não","[ [REGRA_ADVERTENCIA_ CONTADOR] REGRA_AVISO_ASSIN_CNPJ]"
"J930","167","12","IND_RESP_LEGAL","Identificação do signatário que será validado como responsável pela assinatura da ECD, conforme atos societários: S – Sim N – Não","C","001","-","[S; N]","Sim",""
"J932","170","01","REG","Texto fixo contendo “J932”.","C","004","-","[“J932”]","Sim",""
"J932","170","02","IDENT_NOM_T","Nome do signatário do termo de verificação.","C","-","-","-","Sim",""
"J932","170","03","IDENT_CPF_CNPJ_T","CPF ou CNPJ do assinante do termo de verificação.","N","CPF (11) CNPJ(14)","-","-","Sim","[ [REGRA_VALIDA_CPF] REGRA_VALIDA_CNPJ]"
"J932","170","04","IDENT_QUALIF_T","Qualificação do assinante do termo de verificação, conforme tabela.","C","-","-","-","Sim","[REGRA_TABELA_ ASSINANTE_DESC]"
"J932","170","05","COD_ASSIN_T","Código de qualificação do assinante do termo de verificação, conforme tabela.","C","003","-","-","Sim","[REGRA_QUALIF_INVALIDA _ASS_TERMO]"
"J932","170","06","IND_CRC_T","Número de inscrição do contabilista no Conselho","C","-","-","-","Não","[REGRA_OBRIGATORIO_ ASS_TERMO]"
"J932","171","07","EMAIL_T","Email do signatário.","C","060","-","-","Não","[REGRA_OBRIGATORIO_ ASS_TERMO]"
"J932","171","08","FONE_T","Telefone do signatário.","C","014","-","-","Não","[REGRA_OBRIGATORIO_ ASS_TERMO]"
"J932","171","09","UF_CRC_T","Indicação da unidade da federação que expediu o CRC.","C","002","-","-","Não","[ [REGRA_TABELA_UF] REGRA_OBRIGATORIO_ ASS_TERMO]"
"J932","171","10","NUM_SEQ_CRC_T","Número da Certidão de Regularidade Profissional do Contador no seguinte formato: UF/ano/número","C","-","-","-","Não","[ [REGRA_VALIDA_FORMATO _SEQUENCIAL_CRC] REGRA_ADV_ASS_ CONTADOR_TERMO]"
"J932","171","11","DT_CRC_T","Data de validade da Certidão de Regularidade Profissional do Contador","N","008","-","-","Não","[REGRA_ADV_ASS_ CONTADOR_TERMO]"
"J935","173","01","REG","Texto fixo contendo “J935”.","C","004","-","[“J935”]","Sim","-"
"J935","173","02","NI_CPF_CNPJ","CPF do auditor independente/CNPJ da pessoa jurídica de auditoria independente.","C","CPF (11) CNPJ (14)","-","-","Sim","[REGRA_VALIDA_CNJP] [REGRA_VALIDA_CPF]"
"J935","173","03","NOME_AUDITOR _FIRMA","Nome do auditor independente ou pessoa jurídica de auditoria independente.","C","-","-","-","Sim","-"
"J935","173","04","COD_CVM_ AUDITOR","Registro do auditor independente na CVM.","C","-","-","-","Não","[REGRA_COD_CVM_AUD _OBRIGATORIO]"
"J990","174","01","REG","Texto fixo contendo “J990”.","C","004","-","""J990""","Sim","-"
"J990","174","02","QTD_LIN_J","Quantidade total de linhas do Bloco J.","N","-","-","-","Sim","[REGRA_QTD_LIN_ BLOCOJ]"
"K001","175","01","REG","Texto fixo contendo “K001”.","C","004","-","“K001”","Sim","-"
"K001","175","02","IND_DAD","Indicador de movimento: 0- Bloco com dados informados; 1- Bloco sem dados informados.","N","001","-","[0,1]","Sim","-"
"K030","176","01","REG","Texto fixo contendo “K030”.","C","004","-","“K030”","Sim","-"
"K030","176","02","DT_INI","Data inicial do período consolidado.","N","008","-","-","Sim","-"
"K030","176","03","DT_FIN","Data final do período consolidado.","N","008","-","-","Sim","[ [ [REGRA_DATA_MAIOR_INICIAL _CONS] REGRA_IGUAL_DT_FIN _REG0000] REGRA_PERIODO_CONS]"
"K100","178","01","REG","Texto fixo contendo “K100”.","C","004","-","“K100”","Sim","-"
"K100","178","02","COD_PAIS","Código do país da empresa, conforme tabela do Banco Central do Brasil.","N","005","-","Tabela externa PAIS_SISCOMEX","Sim","[REGRA_TABELA _PAISES]"
"K100","178","03","EMP_COD","Código de identificação da empresa participante.","N","004","-","-","Sim","-"
"K100","178","04","CNPJ","CNPJ (somente os 8 primeiros dígitos).","N","008","-","-","Não","[REGRA_OBRIGATORIO_ CNPJ_BRASIL]"
"K100","178","05","NOME","Nome empresarial.","C","-","-","-","Sim",""
"K100","178","06","PER_PART","Percentual de participação total do conglomerado na empresa no final do período consolidado. Observação: Neste campo, deve ser informado o percentual de participação acionária da empresa titular da ECF.","N","008","004","-","Sim","[ [REGRA_PERC_MENOR _IGUAL_100] REGRA_MAIOR_IGUAL_ _ZERO]"
"K100","179","07","EVENTO","Evento societário ocorrido no período: S - Sim N – Não","C","001","-","[S;N]","Sim","-"
"K100","179","08","PER_CONS","Percentual de consolidação da empresa no final do período consolidado: Informar o percentual do resultado da empresa que foi para a consolidação.","N","008","004","-","Sim","[ [REGRA_PERC_MENOR _IGUAL_100] REGRA_MAIOR_IGUAL _ZERO]"
"K100","179","09","DATA_INI_EMP","Data inicial do período da escrituração contábil da empresa que foi consolidada.","N","008","-","-","Sim","[ [REGRA_CONSOLIDADA_ INICIO_DIFERENTE] REGRA_ANO_IGUAL_ _ANTERIOR_K030]"
"K100","179","10","DATA_FIN_EMP","Data final do período da escrituração contábil da empresa que foi consolidada","N","008","-","-","Sim","[ [ [ [REGRA_DATA_FIN_ MAIOR_IGUAL] REGRA_CONSOLIDADA_ FINAL_DIFERENTE] REGRA_PERIODO_CONS] REGRA_ANO_IGUAL_ _ANTERIOR_K030]"
"K110","182","01","REG","Texto fixo contendo “K110”.","C","004","-","“K110”","Sim","-"
"K110","182","02","EVENTO","Evento societário ocorrido no período: 1 – Aquisição 2 – Alienação 3 – Fusão 4 – Cisão Parcial 5 – Cisão Total 6 – Incorporação 7 – Extinção 8 – Constituição","N","001","-","[1;2;3;4;5;6;7;8]","Sim","-"
"K110","182","03","DT_EVENTO","Data do evento societário.","N","008","-","-","Sim","[REGRA_ANO_IGUAL_ ANTERIOR_POSTERIOR_ K030]"
"K115","184","01","REG","Texto fixo contendo “K115”.","C","004","-","“K115”","Sim","-"
"K115","184","02","EMP_COD_PART","Código da empresa envolvida na operação","N","004","-","-","Sim","[REGRA_EXISTE_EMP_COD_ K100]"
"K115","184","03","COND_PART","Condição da empresa relacionada à operação: 1 – Sucessora; 2 – Adquirente; 3 – Alienante.","N","001","-","[1;2;3]","Sim","[REGRA_CONDICAO_COMPA TIVEL]"
"K115","184","04","PER_EVT","Percentual da empresa participante envolvida na operação","N","008","004","-","Sim","[REGRA_PERC_MENOR_IGUA L_100]"
"K200","186","01","REG","Texto fixo contendo “K200”.","C","004","-","“K200”","Sim","-"
"K200","186","02","COD_NAT","Código da natureza da conta/grupo de contas, conforme tabela publicada pelo Sped.","C","002","-","-","Sim","[REGRA_TABELA_NATUREZ A]"
"K200","186","03","IND_CTA","Indicador do tipo de conta: S - Sintética (grupo de contas); A - Analítica (conta).","C","001","-","[S;A]","Sim","-"
"K200","186","04","NIVEL","Nível da conta","N","-","-","-","Sim","[ [REGRA_MAIOR_QUE_UM] REGRA_ANALITICA_NIVEL_ 2]"
"K200","186","05","COD_CTA","Código da conta","C","-","-","-","Sim",""
"K200","186","06","COD_CTA_SUP","Código da conta superior","C","-","-","-","Não","[ [ [REGRA_COD_CTA_ SUP_OBRIGATORIO] REGRA_CONTA_SUPERIOR_ NAO_SE_APLICA] REGRA_CTA_CONSOLIDAD A_ DE_NIVEL_SUPERIOR_INVA LIDA]"
"K200","186","07","CTA","Nome da conta","C","-","-","-","Sim",""
"K210","189","01","REG","Texto fixo contendo “K210”.","C","004","-","“K210”","Sim","-"
"K210","189","02","COD_EMP","Código de identificação da empresa participante","N","004","-","-","Sim","[REGRA_EXISTE_EMP_COD_K100]"
"K210","189","03","COD_CTA_EMP","Código da conta da empresa participante","C","-","-","-","Sim",""
"K300","190","01","REG","Texto fixo contendo “K300”.","C","004","-","“K300”","Sim","-"
"K300","190","02","COD_CTA","Código da conta consolidada","C","-","-","-","Sim","[REGRA_EXISTE_K200_ANALITICA]"
"K300","190","03","VAL_AG","Valor absoluto aglutinado","N","019","02","-","Sim","-"
"K300","190","04","IND_VAL_AG","Indicador da situação do valor aglutinado: D – Devedor C – Credor","C","001","-","[D;C]","Sim","-"
"K300","190","05","VAL_EL","Valor absoluto das eliminações","N","019","02","-","Sim","[REGRA_SOMATORIO_ VALOR_ELIMINACOES]"
"K300","190","06","IND_VAL_EL","Indicador da situação do valor eliminado: D – Devedor C – Credor","C","001","-","[D;C]","Sim","-"
"K300","190","07","VAL_CS","Valor absoluto consolidado: VAL_CS = VAL_AG – VAL_EL","N","019","02","-","Sim","[REGRA_CALCULO_ VALOR_CONSOLIDADO]"
"K300","190","08","IND_VAL_CS","Indicador da situação do valor consolidado: D – Devedor C – Credor","C","001","-","[D;C]","Sim","-"
"K310","192","01","REG","Texto fixo contendo “K310”.","C","004","-","“K310”","Sim","-"
"K310","192","02","EMP_COD_PARTE","Código da empresa detentora do valor aglutinado que foi eliminado","N","004","-","-","Sim","[REGRA_EXISTE_EMP_COD_ K100]"
"K310","192","03","VALOR","Parcela do valor eliminado total","N","019","02","-","Sim","[REGRA_SOMATORIO_ VALOR_CONTRAPARTIDA]"
"K310","192","04","IND_VALOR","Indicador da situação do valor eliminado: D – Devedor C – Credor","C","001","-","[D;C]","Sim","-"
"K315","193","01","REG","Texto fixo contendo “K315”.","C","004","-","“K315”","Sim","-"
"K315","193","02","EMP_COD_CONTRA","Código da empresa da contrapartida","N","004","-","-","Sim","[ [REGRA_EXISTE_EMP_ COD_K100] REGRA_EMP_COD_CONTRA_ DIFERENTE_EMP_COD_PARTE]"
"K315","193","03","COD_CONTRA","Código da conta consolidada da contrapartida","C","-","-","-","Sim","[ [REGRA_COD_CTA_DIFERENTE_ COD_CONTRA] REGRA_EXISTE_COD _CTA_K300]"
"K315","193","04","VALOR","Parcela da contrapartida do valor eliminado total","N","019","02","-","Sim","[ [REGRA_MAIOR_QUE_ZERO] REGRA_SOMATORIO_ VALOR_CONTRAPARTIDA]"
"K315","193","05","IND_VALOR","Indicador da situação do valor eliminado: D – Devedor C – Credor","C","001","-","[D;C]","Sim","-"
"K990","195","01","REG","Texto fixo contendo “K990”.","C","004","-","""K990""","Sim","-"
"K990","195","02","QTD_LIN_K","Quantidade total de linhas do Bloco K.","N","-","-","-","Sim","[REGRA_QRD_LIN_ BLOCOK]"
"9001","196","01","REG","Texto fixo contendo “9001”.","C","004","-","“9001”","Sim","-"
"9001","196","02","IND_DAD","Indicador de movimento: 0- Bloco com dados informados; 1- Bloco sem dados informados.","N","001","-","[0,1]","Sim","-"
"9900","197","01","REG","Texto fixo contendo “9900”.","C","4","-","“9900”","Sim","-"
"9900","197","02","REG_BLC","Registro que será totalizado no próximo campo.","C","4","-","Somente tipos de registro previstos para a escrituração contábil digital","Sim","-"
"9900","197","03","QTD_REG_BLC","Total de registros do tipo informado no campo anterior.","N","-","-","-","Sim","[REGRA_QTD_REG _BLC]"
"9990","198","01","REG","Texto fixo contendo “9990”.","C","004","-","""9990""","Sim","-"
"9990","198","02","QTD_LIN_9","Quantidade total de linhas do Bloco 9.","N","-","-","-","Sim","[REGRA_QRD_LIN_ BLOCO9]"
"9999","199","01","REG","Texto fixo contendo “9999”.","C","004","-","""9999""","Sim","-"
"9999","199","02","QTD_LIN","Quantidade total de linhas do arquivo digital.","N","-","-","-","Sim","[REGRA_QTD_LIN_ ARQUIVO]"
"9999","201","03","REGRA_REGISTRO_OBRIGATORIO","Verifica se o tipo de registro é obrigatório, conforme obrigatoriedade definida em cada registro. Erro","","","","","",""
"9999","201","04","REGRA_REGISTRO_NAO_SE_APLICA","Verifica se o tipo de registro se aplica à escrituração, conforme definições do leiaute do arquivo. Erro","","","","","",""
"9999","211","05","IND_LCTO","Indicador do tipo de lançamento: N - Lançamento normal (todos os lançamentos, exceto os de encerramento das contas de resultado); E - Lançamento de encerramento de contas de resultado. X – Lançamento extemporâneo.","C","001","-","[“N”, “E”]","Sim","-"
"9999","211","06","DT_LCTO_EXT","O Data de ocorrência dos fatos objeto do lançamento extemporâneo. bservação: Caso não seja possível precisar a data a que se refiram os fatos do lançamento extemporâneo, informar a data de encerramento do exercício em que ocorreram esses fatos.","N","008","-","-","Não","[ [ [REGRA_DT_LCTO_EXT_ OBRIGATORIA] REGRA_DT_LCTO_EXT_ INDEVIDA] REGRA_DT_ANTIGA]"
